DateTime	ResolutionCode	AreaCode	AreaTypeCode	AreaName	MapCode	TotalLoadValue	UpdateTime	Week
2018-04-01 00:00:00	PT60M	10Y1001A1001A39I	CTA	EE CTA	EE	799.5	2018-05-04 14:46:01	1
2018-04-01 01:00:00	PT60M	10Y1001A1001A39I	CTA	EE CTA	EE	797.6	2018-05-04 14:46:01	1
2018-04-01 02:00:00	PT60M	10Y1001A1001A39I	CTA	EE CTA	EE	803.9	2018-05-04 14:46:01	1
2018-04-01 03:00:00	PT60M	10Y1001A1001A39I	CTA	EE CTA	EE	809.5	2018-05-04 14:01:37	1
2018-04-01 04:00:00	PT60M	10Y1001A1001A39I	CTA	EE CTA	EE	820.2	2018-05-04 14:01:37	1
2018-04-01 05:00:00	PT60M	10Y1001A1001A39I	CTA	EE CTA	EE	885.9	2018-05-04 14:01:22	1
2018-04-01 06:00:00	PT60M	10Y1001A1001A39I	CTA	EE CTA	EE	951.0	2018-05-04 14:46:01	1
2018-04-01 07:00:00	PT60M	10Y1001A1001A39I	CTA	EE CTA	EE	977.3	2018-05-04 14:01:11	1
2018-04-01 08:00:00	PT60M	10Y1001A1001A39I	CTA	EE CTA	EE	985.0	2018-05-04 14:46:01	1
2018-04-01 09:00:00	PT60M	10Y1001A1001A39I	CTA	EE CTA	EE	975.1	2018-05-04 14:01:11	1
2018-04-01 10:00:00	PT60M	10Y1001A1001A39I	CTA	EE CTA	EE	955.0	2018-05-04 14:01:11	1
2018-04-01 11:00:00	PT60M	10Y1001A1001A39I	CTA	EE CTA	EE	946.1	2018-05-04 14:01:11	1
2018-04-01 12:00:00	PT60M	10Y1001A1001A39I	CTA	EE CTA	EE	940.1	2018-05-04 14:01:11	1
2018-04-01 13:00:00	PT60M	10Y1001A1001A39I	CTA	EE CTA	EE	948.1	2018-05-04 14:01:11	1
2018-04-01 14:00:00	PT60M	10Y1001A1001A39I	CTA	EE CTA	EE	958.8	2018-05-04 14:01:11	1
2018-04-01 15:00:00	PT60M	10Y1001A1001A39I	CTA	EE CTA	EE	976.3	2018-05-04 14:01:11	1
2018-04-01 16:00:00	PT60M	10Y1001A1001A39I	CTA	EE CTA	EE	1001.4	2018-05-04 14:01:11	1
2018-04-01 17:00:00	PT60M	10Y1001A1001A39I	CTA	EE CTA	EE	1050.8	2018-05-04 14:01:11	1
2018-04-01 18:00:00	PT60M	10Y1001A1001A39I	CTA	EE CTA	EE	1037.9	2018-05-04 14:01:11	1
2018-04-01 19:00:00	PT60M	10Y1001A1001A39I	CTA	EE CTA	EE	977.0	2018-05-04 14:01:11	1
2018-04-01 20:00:00	PT60M	10Y1001A1001A39I	CTA	EE CTA	EE	902.2	2018-05-04 14:01:11	1
2018-04-01 21:00:00	PT60M	10Y1001A1001A39I	CTA	EE CTA	EE	859.3	2018-05-04 14:01:11	1
2018-04-01 22:00:00	PT60M	10Y1001A1001A39I	CTA	EE CTA	EE	834.7	2018-05-04 14:01:11	1
2018-04-01 23:00:00	PT60M	10Y1001A1001A39I	CTA	EE CTA	EE	824.4	2018-05-04 14:01:11	1
2018-04-02 00:00:00	PT60M	10Y1001A1001A39I	CTA	EE CTA	EE	812.1	2018-05-04 14:01:11	2
2018-04-02 01:00:00	PT60M	10Y1001A1001A39I	CTA	EE CTA	EE	822.5	2018-05-04 14:01:11	2
2018-04-02 02:00:00	PT60M	10Y1001A1001A39I	CTA	EE CTA	EE	861.0	2018-05-04 14:01:11	2
2018-04-02 03:00:00	PT60M	10Y1001A1001A39I	CTA	EE CTA	EE	972.8	2018-05-04 14:01:11	2
2018-04-02 04:00:00	PT60M	10Y1001A1001A39I	CTA	EE CTA	EE	1103.0	2018-05-04 14:01:11	2
2018-04-02 05:00:00	PT60M	10Y1001A1001A39I	CTA	EE CTA	EE	1222.9	2018-05-04 14:01:11	2
2018-04-02 06:00:00	PT60M	10Y1001A1001A39I	CTA	EE CTA	EE	1275.7	2018-05-04 14:01:11	2
2018-04-02 07:00:00	PT60M	10Y1001A1001A39I	CTA	EE CTA	EE	1281.9	2018-05-04 14:01:11	2
2018-04-02 08:00:00	PT60M	10Y1001A1001A39I	CTA	EE CTA	EE	1276.2	2018-05-04 14:01:11	2
2018-04-02 09:00:00	PT60M	10Y1001A1001A39I	CTA	EE CTA	EE	1252.6	2018-05-04 14:01:11	2
2018-04-02 10:00:00	PT60M	10Y1001A1001A39I	CTA	EE CTA	EE	1268.3	2018-05-04 14:01:11	2
2018-04-02 11:00:00	PT60M	10Y1001A1001A39I	CTA	EE CTA	EE	1247.5	2018-05-04 14:46:15	2
2018-04-02 12:00:00	PT60M	10Y1001A1001A39I	CTA	EE CTA	EE	1234.0	2018-05-04 14:46:15	2
2018-04-02 13:00:00	PT60M	10Y1001A1001A39I	CTA	EE CTA	EE	1204.2	2018-05-04 14:01:11	2
2018-04-02 14:00:00	PT60M	10Y1001A1001A39I	CTA	EE CTA	EE	1173.6	2018-05-04 14:46:15	2
2018-04-02 15:00:00	PT60M	10Y1001A1001A39I	CTA	EE CTA	EE	1154.6	2018-05-04 14:01:11	2
2018-04-02 16:00:00	PT60M	10Y1001A1001A39I	CTA	EE CTA	EE	1140.4	2018-05-04 14:01:11	2
2018-04-02 17:00:00	PT60M	10Y1001A1001A39I	CTA	EE CTA	EE	1166.9	2018-05-04 13:46:03	2
2018-04-02 18:00:00	PT60M	10Y1001A1001A39I	CTA	EE CTA	EE	1148.0	2018-05-04 14:46:15	2
2018-04-02 19:00:00	PT60M	10Y1001A1001A39I	CTA	EE CTA	EE	1055.8	2018-05-04 14:46:15	2
2018-04-02 20:00:00	PT60M	10Y1001A1001A39I	CTA	EE CTA	EE	954.5	2018-05-04 14:46:15	2
2018-04-02 21:00:00	PT60M	10Y1001A1001A39I	CTA	EE CTA	EE	903.6	2018-05-04 14:46:15	2
2018-04-02 22:00:00	PT60M	10Y1001A1001A39I	CTA	EE CTA	EE	865.9	2018-05-04 13:46:03	2
2018-04-02 23:00:00	PT60M	10Y1001A1001A39I	CTA	EE CTA	EE	852.5	2018-05-04 15:16:10	2
2018-04-03 00:00:00	PT60M	10Y1001A1001A39I	CTA	EE CTA	EE	847.7	2018-05-04 14:46:15	2
2018-04-03 01:00:00	PT60M	10Y1001A1001A39I	CTA	EE CTA	EE	857.2	2018-05-04 14:46:15	2
2018-04-03 02:00:00	PT60M	10Y1001A1001A39I	CTA	EE CTA	EE	895.3	2018-05-04 14:46:15	2
2018-04-03 03:00:00	PT60M	10Y1001A1001A39I	CTA	EE CTA	EE	1004.0	2018-05-04 14:01:15	2
2018-04-03 04:00:00	PT60M	10Y1001A1001A39I	CTA	EE CTA	EE	1112.8	2018-05-04 14:46:15	2
2018-04-03 05:00:00	PT60M	10Y1001A1001A39I	CTA	EE CTA	EE	1223.6	2018-05-04 14:01:15	2
2018-04-03 06:00:00	PT60M	10Y1001A1001A39I	CTA	EE CTA	EE	1257.5	2018-05-04 13:46:03	2
2018-04-03 07:00:00	PT60M	10Y1001A1001A39I	CTA	EE CTA	EE	1244.9	2018-05-04 14:01:15	2
2018-04-03 08:00:00	PT60M	10Y1001A1001A39I	CTA	EE CTA	EE	1218.7	2018-05-04 14:46:15	2
2018-04-03 09:00:00	PT60M	10Y1001A1001A39I	CTA	EE CTA	EE	1184.2	2018-05-04 14:46:15	2
2018-04-03 10:00:00	PT60M	10Y1001A1001A39I	CTA	EE CTA	EE	1190.3	2018-05-04 14:01:15	2
2018-04-03 11:00:00	PT60M	10Y1001A1001A39I	CTA	EE CTA	EE	1166.1	2018-05-04 14:46:15	2
2018-04-03 12:00:00	PT60M	10Y1001A1001A39I	CTA	EE CTA	EE	1157.1	2018-05-04 14:46:15	2
2018-04-03 13:00:00	PT60M	10Y1001A1001A39I	CTA	EE CTA	EE	1112.7	2018-05-04 14:01:15	2
2018-04-03 14:00:00	PT60M	10Y1001A1001A39I	CTA	EE CTA	EE	1092.4	2018-05-04 14:01:15	2
2018-04-03 15:00:00	PT60M	10Y1001A1001A39I	CTA	EE CTA	EE	1077.3	2018-05-04 14:01:15	2
2018-04-03 16:00:00	PT60M	10Y1001A1001A39I	CTA	EE CTA	EE	1076.7	2018-05-04 14:46:15	2
2018-04-03 17:00:00	PT60M	10Y1001A1001A39I	CTA	EE CTA	EE	1116.5	2018-05-04 13:31:21	2
2018-04-03 18:00:00	PT60M	10Y1001A1001A39I	CTA	EE CTA	EE	1124.3	2018-05-04 14:46:15	2
2018-04-03 19:00:00	PT60M	10Y1001A1001A39I	CTA	EE CTA	EE	1043.7	2018-05-04 13:31:17	2
2018-04-03 20:00:00	PT60M	10Y1001A1001A39I	CTA	EE CTA	EE	945.3	2018-05-04 13:31:17	2
2018-04-03 21:00:00	PT60M	10Y1001A1001A39I	CTA	EE CTA	EE	898.1	2018-05-04 14:01:15	2
2018-04-03 22:00:00	PT60M	10Y1001A1001A39I	CTA	EE CTA	EE	873.1	2018-05-04 13:31:17	2
2018-04-03 23:00:00	PT60M	10Y1001A1001A39I	CTA	EE CTA	EE	863.2	2018-05-04 14:46:15	2
2018-04-04 00:00:00	PT60M	10Y1001A1001A39I	CTA	EE CTA	EE	856.4	2018-05-04 15:16:13	2
2018-04-04 01:00:00	PT60M	10Y1001A1001A39I	CTA	EE CTA	EE	867.2	2018-05-04 13:31:12	2
2018-04-04 02:00:00	PT60M	10Y1001A1001A39I	CTA	EE CTA	EE	905.8	2018-05-04 13:31:12	2
2018-04-04 03:00:00	PT60M	10Y1001A1001A39I	CTA	EE CTA	EE	998.5	2018-05-04 15:16:13	2
2018-04-04 04:00:00	PT60M	10Y1001A1001A39I	CTA	EE CTA	EE	1123.0	2018-05-04 14:46:15	2
2018-04-04 05:00:00	PT60M	10Y1001A1001A39I	CTA	EE CTA	EE	1213.4	2018-05-04 14:01:14	2
2018-04-04 06:00:00	PT60M	10Y1001A1001A39I	CTA	EE CTA	EE	1232.7	2018-05-04 14:46:15	2
2018-04-04 07:00:00	PT60M	10Y1001A1001A39I	CTA	EE CTA	EE	1211.8	2018-05-04 13:31:12	2
2018-04-04 08:00:00	PT60M	10Y1001A1001A39I	CTA	EE CTA	EE	1194.8	2018-05-04 14:46:15	2
2018-04-04 09:00:00	PT60M	10Y1001A1001A39I	CTA	EE CTA	EE	1169.5	2018-05-04 13:31:12	2
2018-04-04 10:00:00	PT60M	10Y1001A1001A39I	CTA	EE CTA	EE	1199.7	2018-05-04 14:01:14	2
2018-04-04 11:00:00	PT60M	10Y1001A1001A39I	CTA	EE CTA	EE	1310.9	2020-01-06 15:17:18	2
2018-04-04 12:00:00	PT60M	10Y1001A1001A39I	CTA	EE CTA	EE	1170.7	2018-05-04 13:31:12	2
2018-04-04 13:00:00	PT60M	10Y1001A1001A39I	CTA	EE CTA	EE	1154.6	2018-05-04 13:31:12	2
2018-04-04 14:00:00	PT60M	10Y1001A1001A39I	CTA	EE CTA	EE	1142.2	2018-05-04 15:16:13	2
2018-04-04 15:00:00	PT60M	10Y1001A1001A39I	CTA	EE CTA	EE	1133.4	2018-05-04 14:01:14	2
2018-04-04 16:00:00	PT60M	10Y1001A1001A39I	CTA	EE CTA	EE	1121.5	2018-05-04 13:31:12	2
2018-04-04 17:00:00	PT60M	10Y1001A1001A39I	CTA	EE CTA	EE	1144.0	2018-05-04 14:01:14	2
2018-04-04 18:00:00	PT60M	10Y1001A1001A39I	CTA	EE CTA	EE	1106.0	2018-05-04 15:16:13	2
2018-04-04 19:00:00	PT60M	10Y1001A1001A39I	CTA	EE CTA	EE	1025.0	2018-05-04 13:31:12	2
2018-04-04 20:00:00	PT60M	10Y1001A1001A39I	CTA	EE CTA	EE	920.7	2018-05-04 13:31:12	2
2018-04-04 21:00:00	PT60M	10Y1001A1001A39I	CTA	EE CTA	EE	862.0	2018-05-04 13:31:12	2
2018-04-04 22:00:00	PT60M	10Y1001A1001A39I	CTA	EE CTA	EE	833.7	2018-05-04 13:31:12	2
2018-04-04 23:00:00	PT60M	10Y1001A1001A39I	CTA	EE CTA	EE	812.3	2018-05-04 13:31:12	2
2018-04-05 00:00:00	PT60M	10Y1001A1001A39I	CTA	EE CTA	EE	803.3	2018-05-04 13:31:13	2
2018-04-05 01:00:00	PT60M	10Y1001A1001A39I	CTA	EE CTA	EE	808.3	2018-05-04 14:01:12	2
2018-04-05 02:00:00	PT60M	10Y1001A1001A39I	CTA	EE CTA	EE	848.9	2018-05-04 13:31:13	2
2018-04-05 03:00:00	PT60M	10Y1001A1001A39I	CTA	EE CTA	EE	951.0	2018-05-04 13:31:13	2
2018-04-05 04:00:00	PT60M	10Y1001A1001A39I	CTA	EE CTA	EE	1071.9	2018-05-04 13:31:13	2
2018-04-05 05:00:00	PT60M	10Y1001A1001A39I	CTA	EE CTA	EE	1184.2	2018-05-04 15:16:24	2
2018-04-05 06:00:00	PT60M	10Y1001A1001A39I	CTA	EE CTA	EE	1210.6	2018-05-04 14:46:15	2
2018-04-05 07:00:00	PT60M	10Y1001A1001A39I	CTA	EE CTA	EE	1195.0	2018-05-04 14:46:15	2
2018-04-05 08:00:00	PT60M	10Y1001A1001A39I	CTA	EE CTA	EE	1170.5	2018-05-04 13:31:13	2
2018-04-05 09:00:00	PT60M	10Y1001A1001A39I	CTA	EE CTA	EE	1132.8	2018-05-04 13:31:13	2
2018-04-05 10:00:00	PT60M	10Y1001A1001A39I	CTA	EE CTA	EE	1153.4	2018-05-04 13:31:13	2
2018-04-05 11:00:00	PT60M	10Y1001A1001A39I	CTA	EE CTA	EE	1130.7	2018-05-04 13:31:13	2
2018-04-05 12:00:00	PT60M	10Y1001A1001A39I	CTA	EE CTA	EE	1129.6	2018-05-04 13:31:13	2
2018-04-05 13:00:00	PT60M	10Y1001A1001A39I	CTA	EE CTA	EE	1108.2	2018-05-04 13:31:13	2
2018-04-05 14:00:00	PT60M	10Y1001A1001A39I	CTA	EE CTA	EE	1099.2	2018-05-04 14:46:15	2
2018-04-05 15:00:00	PT60M	10Y1001A1001A39I	CTA	EE CTA	EE	1090.9	2018-05-04 14:46:15	2
2018-04-05 16:00:00	PT60M	10Y1001A1001A39I	CTA	EE CTA	EE	1082.4	2018-05-04 14:01:12	2
2018-04-05 17:00:00	PT60M	10Y1001A1001A39I	CTA	EE CTA	EE	1102.2	2018-05-04 14:46:15	2
2018-04-05 18:00:00	PT60M	10Y1001A1001A39I	CTA	EE CTA	EE	1073.0	2018-05-04 14:46:15	2
2018-04-05 19:00:00	PT60M	10Y1001A1001A39I	CTA	EE CTA	EE	983.8	2018-05-04 13:16:14	2
2018-04-05 20:00:00	PT60M	10Y1001A1001A39I	CTA	EE CTA	EE	891.1	2018-05-04 13:16:14	2
2018-04-05 21:00:00	PT60M	10Y1001A1001A39I	CTA	EE CTA	EE	837.1	2018-05-04 13:16:14	2
2018-04-05 22:00:00	PT60M	10Y1001A1001A39I	CTA	EE CTA	EE	803.8	2018-05-04 14:01:12	2
2018-04-05 23:00:00	PT60M	10Y1001A1001A39I	CTA	EE CTA	EE	789.7	2018-05-04 14:46:15	2
2018-04-06 00:00:00	PT60M	10Y1001A1001A39I	CTA	EE CTA	EE	781.6	2018-05-04 14:01:12	2
2018-04-06 01:00:00	PT60M	10Y1001A1001A39I	CTA	EE CTA	EE	786.9	2018-05-04 14:01:12	2
2018-04-06 02:00:00	PT60M	10Y1001A1001A39I	CTA	EE CTA	EE	822.9	2018-05-04 14:46:24	2
2018-04-06 03:00:00	PT60M	10Y1001A1001A39I	CTA	EE CTA	EE	936.9	2018-05-04 13:16:14	2
2018-04-06 04:00:00	PT60M	10Y1001A1001A39I	CTA	EE CTA	EE	1055.0	2018-05-04 14:01:12	2
2018-04-06 05:00:00	PT60M	10Y1001A1001A39I	CTA	EE CTA	EE	1169.9	2018-05-04 13:16:14	2
2018-04-06 06:00:00	PT60M	10Y1001A1001A39I	CTA	EE CTA	EE	1213.6	2018-05-04 13:16:14	2
2018-04-06 07:00:00	PT60M	10Y1001A1001A39I	CTA	EE CTA	EE	1210.6	2018-05-04 13:16:14	2
2018-04-06 08:00:00	PT60M	10Y1001A1001A39I	CTA	EE CTA	EE	1199.8	2018-05-04 13:16:14	2
2018-04-06 09:00:00	PT60M	10Y1001A1001A39I	CTA	EE CTA	EE	1175.8	2018-05-04 13:16:14	2
2018-04-06 10:00:00	PT60M	10Y1001A1001A39I	CTA	EE CTA	EE	1179.9	2018-05-04 13:16:14	2
2018-04-06 11:00:00	PT60M	10Y1001A1001A39I	CTA	EE CTA	EE	1152.6	2018-05-04 13:16:14	2
2018-04-06 12:00:00	PT60M	10Y1001A1001A39I	CTA	EE CTA	EE	1146.2	2018-04-30 10:31:14	2
2018-04-06 13:00:00	PT60M	10Y1001A1001A39I	CTA	EE CTA	EE	1125.8	2018-04-30 10:31:14	2
2018-04-06 14:00:00	PT60M	10Y1001A1001A39I	CTA	EE CTA	EE	1103.9	2018-04-30 10:16:17	2
2018-04-06 15:00:00	PT60M	10Y1001A1001A39I	CTA	EE CTA	EE	1090.7	2018-04-30 10:16:17	2
2018-04-06 16:00:00	PT60M	10Y1001A1001A39I	CTA	EE CTA	EE	1082.1	2018-04-30 10:16:17	2
2018-04-06 17:00:00	PT60M	10Y1001A1001A39I	CTA	EE CTA	EE	1101.1	2018-04-30 10:16:17	2
2018-04-06 18:00:00	PT60M	10Y1001A1001A39I	CTA	EE CTA	EE	1091.2	2018-04-30 10:16:17	2
2018-04-06 19:00:00	PT60M	10Y1001A1001A39I	CTA	EE CTA	EE	1014.0	2018-04-30 10:16:17	2
2018-04-06 20:00:00	PT60M	10Y1001A1001A39I	CTA	EE CTA	EE	930.2	2018-04-30 10:16:17	2
2018-04-06 21:00:00	PT60M	10Y1001A1001A39I	CTA	EE CTA	EE	874.7	2018-04-30 10:16:17	2
2018-04-06 22:00:00	PT60M	10Y1001A1001A39I	CTA	EE CTA	EE	837.0	2018-04-30 10:16:17	2
2018-04-06 23:00:00	PT60M	10Y1001A1001A39I	CTA	EE CTA	EE	812.6	2018-05-02 10:46:16	2
2018-04-07 00:00:00	PT60M	10Y1001A1001A39I	CTA	EE CTA	EE	804.6	2018-05-02 10:46:16	2
2018-04-07 01:00:00	PT60M	10Y1001A1001A39I	CTA	EE CTA	EE	804.9	2018-05-02 10:46:16	2
2018-04-07 02:00:00	PT60M	10Y1001A1001A39I	CTA	EE CTA	EE	819.0	2018-05-02 10:46:16	2
2018-04-07 03:00:00	PT60M	10Y1001A1001A39I	CTA	EE CTA	EE	826.4	2018-05-02 10:46:16	2
2018-04-07 04:00:00	PT60M	10Y1001A1001A39I	CTA	EE CTA	EE	873.1	2018-05-02 10:46:16	2
2018-04-07 05:00:00	PT60M	10Y1001A1001A39I	CTA	EE CTA	EE	945.4	2018-05-02 10:46:16	2
2018-04-07 06:00:00	PT60M	10Y1001A1001A39I	CTA	EE CTA	EE	994.1	2018-05-02 10:46:16	2
2018-04-07 07:00:00	PT60M	10Y1001A1001A39I	CTA	EE CTA	EE	998.7	2018-05-02 10:46:16	2
2018-04-07 08:00:00	PT60M	10Y1001A1001A39I	CTA	EE CTA	EE	982.0	2018-05-02 10:46:16	2
2018-04-07 09:00:00	PT60M	10Y1001A1001A39I	CTA	EE CTA	EE	950.4	2018-05-02 10:46:16	2
2018-04-07 10:00:00	PT60M	10Y1001A1001A39I	CTA	EE CTA	EE	940.1	2018-05-02 10:46:16	2
2018-04-07 11:00:00	PT60M	10Y1001A1001A39I	CTA	EE CTA	EE	924.1	2018-05-02 10:46:16	2
2018-04-07 12:00:00	PT60M	10Y1001A1001A39I	CTA	EE CTA	EE	910.7	2018-05-02 10:46:16	2
2018-04-07 13:00:00	PT60M	10Y1001A1001A39I	CTA	EE CTA	EE	899.9	2018-05-02 10:46:16	2
2018-04-07 14:00:00	PT60M	10Y1001A1001A39I	CTA	EE CTA	EE	915.3	2018-05-02 10:46:16	2
2018-04-07 15:00:00	PT60M	10Y1001A1001A39I	CTA	EE CTA	EE	928.1	2018-05-02 10:46:16	2
2018-04-07 16:00:00	PT60M	10Y1001A1001A39I	CTA	EE CTA	EE	951.4	2018-05-02 10:46:16	2
2018-04-07 17:00:00	PT60M	10Y1001A1001A39I	CTA	EE CTA	EE	994.6	2018-05-02 10:46:16	2
2018-04-07 18:00:00	PT60M	10Y1001A1001A39I	CTA	EE CTA	EE	1013.0	2018-05-02 10:31:12	2
2018-04-07 19:00:00	PT60M	10Y1001A1001A39I	CTA	EE CTA	EE	940.9	2018-05-02 10:31:12	2
2018-04-07 20:00:00	PT60M	10Y1001A1001A39I	CTA	EE CTA	EE	884.2	2018-05-02 10:31:12	2
2018-04-07 21:00:00	PT60M	10Y1001A1001A39I	CTA	EE CTA	EE	838.2	2018-05-02 10:31:12	2
2018-04-07 22:00:00	PT60M	10Y1001A1001A39I	CTA	EE CTA	EE	802.8	2018-05-02 10:31:12	2
2018-04-07 23:00:00	PT60M	10Y1001A1001A39I	CTA	EE CTA	EE	767.3	2018-05-02 10:31:12	2
2018-04-08 00:00:00	PT60M	10Y1001A1001A39I	CTA	EE CTA	EE	754.2	2018-05-02 10:31:12	2
2018-04-08 01:00:00	PT60M	10Y1001A1001A39I	CTA	EE CTA	EE	754.1	2018-05-02 10:31:12	2
2018-04-08 02:00:00	PT60M	10Y1001A1001A39I	CTA	EE CTA	EE	760.6	2018-05-02 10:31:12	2
2018-04-08 03:00:00	PT60M	10Y1001A1001A39I	CTA	EE CTA	EE	763.7	2018-05-02 10:31:12	2
2018-04-08 04:00:00	PT60M	10Y1001A1001A39I	CTA	EE CTA	EE	796.8	2018-05-02 10:46:20	2
2018-04-08 05:00:00	PT60M	10Y1001A1001A39I	CTA	EE CTA	EE	866.1	2018-05-02 10:46:20	2
2018-04-08 06:00:00	PT60M	10Y1001A1001A39I	CTA	EE CTA	EE	930.3	2018-05-02 10:46:20	2
2018-04-08 07:00:00	PT60M	10Y1001A1001A39I	CTA	EE CTA	EE	948.6	2018-05-02 10:46:20	2
2018-04-08 08:00:00	PT60M	10Y1001A1001A39I	CTA	EE CTA	EE	943.9	2018-05-02 10:46:20	2
2018-04-08 09:00:00	PT60M	10Y1001A1001A39I	CTA	EE CTA	EE	924.5	2018-05-02 10:46:20	2
2018-04-08 10:00:00	PT60M	10Y1001A1001A39I	CTA	EE CTA	EE	902.0	2018-05-02 10:46:20	2
2018-04-08 11:00:00	PT60M	10Y1001A1001A39I	CTA	EE CTA	EE	889.7	2018-05-02 10:46:20	2
2018-04-08 12:00:00	PT60M	10Y1001A1001A39I	CTA	EE CTA	EE	885.7	2018-05-02 10:46:20	2
2018-04-08 13:00:00	PT60M	10Y1001A1001A39I	CTA	EE CTA	EE	889.6	2018-05-02 10:46:20	2
2018-04-08 14:00:00	PT60M	10Y1001A1001A39I	CTA	EE CTA	EE	902.6	2018-05-02 10:46:20	2
2018-04-08 15:00:00	PT60M	10Y1001A1001A39I	CTA	EE CTA	EE	925.2	2018-05-02 10:46:20	2
2018-04-08 16:00:00	PT60M	10Y1001A1001A39I	CTA	EE CTA	EE	941.9	2018-05-02 10:46:20	2
2018-04-08 17:00:00	PT60M	10Y1001A1001A39I	CTA	EE CTA	EE	981.7	2018-05-02 10:46:20	2
2018-04-08 18:00:00	PT60M	10Y1001A1001A39I	CTA	EE CTA	EE	991.9	2018-05-02 10:46:20	2
2018-04-08 19:00:00	PT60M	10Y1001A1001A39I	CTA	EE CTA	EE	920.2	2018-05-02 10:46:20	2
2018-04-08 20:00:00	PT60M	10Y1001A1001A39I	CTA	EE CTA	EE	832.4	2018-05-02 10:46:20	2
2018-04-08 21:00:00	PT60M	10Y1001A1001A39I	CTA	EE CTA	EE	789.4	2018-05-02 10:46:20	2
2018-04-08 22:00:00	PT60M	10Y1001A1001A39I	CTA	EE CTA	EE	764.8	2018-05-02 10:46:20	2
2018-04-08 23:00:00	PT60M	10Y1001A1001A39I	CTA	EE CTA	EE	757.6	2018-05-02 10:46:20	2
2018-04-09 00:00:00	PT60M	10Y1001A1001A39I	CTA	EE CTA	EE	743.9	2018-05-02 11:01:14	3
2018-04-09 01:00:00	PT60M	10Y1001A1001A39I	CTA	EE CTA	EE	752.4	2018-05-02 11:01:14	3
2018-04-09 02:00:00	PT60M	10Y1001A1001A39I	CTA	EE CTA	EE	790.7	2018-05-02 11:01:14	3
2018-04-09 03:00:00	PT60M	10Y1001A1001A39I	CTA	EE CTA	EE	880.6	2018-05-02 11:01:14	3
2018-04-09 04:00:00	PT60M	10Y1001A1001A39I	CTA	EE CTA	EE	1007.6	2018-05-02 11:01:14	3
2018-04-09 05:00:00	PT60M	10Y1001A1001A39I	CTA	EE CTA	EE	1099.5	2018-05-02 11:01:14	3
2018-04-09 06:00:00	PT60M	10Y1001A1001A39I	CTA	EE CTA	EE	1128.1	2018-05-02 10:46:24	3
2018-04-09 07:00:00	PT60M	10Y1001A1001A39I	CTA	EE CTA	EE	1115.6	2018-05-02 10:46:24	3
2018-04-09 08:00:00	PT60M	10Y1001A1001A39I	CTA	EE CTA	EE	1088.8	2018-05-02 10:46:24	3
2018-04-09 09:00:00	PT60M	10Y1001A1001A39I	CTA	EE CTA	EE	1057.3	2018-05-02 10:46:24	3
2018-04-09 10:00:00	PT60M	10Y1001A1001A39I	CTA	EE CTA	EE	1071.6	2018-05-02 11:01:14	3
2018-04-09 11:00:00	PT60M	10Y1001A1001A39I	CTA	EE CTA	EE	1049.3	2018-05-02 11:01:14	3
2018-04-09 12:00:00	PT60M	10Y1001A1001A39I	CTA	EE CTA	EE	949.4680000000001	2021-12-17 17:06:44.819303	3
2018-04-09 13:00:00	PT60M	10Y1001A1001A39I	CTA	EE CTA	EE	949.4680000000001	2021-12-17 17:06:44.819311	3
2018-04-09 14:00:00	PT60M	10Y1001A1001A39I	CTA	EE CTA	EE	949.4680000000001	2021-12-17 17:06:44.819313	3
2018-04-09 15:00:00	PT60M	10Y1001A1001A39I	CTA	EE CTA	EE	949.4680000000001	2021-12-17 17:06:44.819314	3
2018-04-09 16:00:00	PT60M	10Y1001A1001A39I	CTA	EE CTA	EE	949.4680000000001	2021-12-17 17:06:44.819315	3
2018-04-09 17:00:00	PT60M	10Y1001A1001A39I	CTA	EE CTA	EE	949.4680000000001	2021-12-17 17:06:44.819317	3
2018-04-09 18:00:00	PT60M	10Y1001A1001A39I	CTA	EE CTA	EE	949.4680000000001	2021-12-17 17:06:44.819318	3
2018-04-09 19:00:00	PT60M	10Y1001A1001A39I	CTA	EE CTA	EE	949.4680000000001	2021-12-17 17:06:44.819319	3
2018-04-09 20:00:00	PT60M	10Y1001A1001A39I	CTA	EE CTA	EE	949.4680000000001	2021-12-17 17:06:44.819321	3
2018-04-09 21:00:00	PT60M	10Y1001A1001A39I	CTA	EE CTA	EE	949.4680000000001	2021-12-17 17:06:44.819322	3
2018-04-09 22:00:00	PT60M	10Y1001A1001A39I	CTA	EE CTA	EE	949.4680000000001	2021-12-17 17:06:44.819323	3
2018-04-09 23:00:00	PT60M	10Y1001A1001A39I	CTA	EE CTA	EE	949.4680000000001	2021-12-17 17:06:44.819327	3
2018-04-10 00:00:00	PT60M	10Y1001A1001A39I	CTA	EE CTA	EE	949.4680000000001	2021-12-17 17:06:44.819330	3
2018-04-10 01:00:00	PT60M	10Y1001A1001A39I	CTA	EE CTA	EE	949.4680000000001	2021-12-17 17:06:44.819333	3
2018-04-10 02:00:00	PT60M	10Y1001A1001A39I	CTA	EE CTA	EE	949.4680000000001	2021-12-17 17:06:44.819336	3
2018-04-10 03:00:00	PT60M	10Y1001A1001A39I	CTA	EE CTA	EE	949.4680000000001	2021-12-17 17:06:44.819339	3
2018-04-10 04:00:00	PT60M	10Y1001A1001A39I	CTA	EE CTA	EE	949.4680000000001	2021-12-17 17:06:44.819342	3
2018-04-10 05:00:00	PT60M	10Y1001A1001A39I	CTA	EE CTA	EE	949.4680000000001	2021-12-17 17:06:44.819346	3
2018-04-10 06:00:00	PT60M	10Y1001A1001A39I	CTA	EE CTA	EE	1190.3	2018-05-02 09:01:18	3
2018-04-10 07:00:00	PT60M	10Y1001A1001A39I	CTA	EE CTA	EE	1177.2	2018-05-02 09:01:18	3
2018-04-10 08:00:00	PT60M	10Y1001A1001A39I	CTA	EE CTA	EE	1167.8	2018-05-02 09:01:18	3
2018-04-10 09:00:00	PT60M	10Y1001A1001A39I	CTA	EE CTA	EE	1147.7	2018-05-02 09:01:18	3
2018-04-10 10:00:00	PT60M	10Y1001A1001A39I	CTA	EE CTA	EE	1161.6	2018-05-02 09:01:18	3
2018-04-10 11:00:00	PT60M	10Y1001A1001A39I	CTA	EE CTA	EE	1131.3	2018-05-02 09:01:18	3
2018-04-10 12:00:00	PT60M	10Y1001A1001A39I	CTA	EE CTA	EE	1115.0	2018-05-02 09:01:18	3
2018-04-10 13:00:00	PT60M	10Y1001A1001A39I	CTA	EE CTA	EE	1083.9	2018-05-02 09:01:18	3
2018-04-10 14:00:00	PT60M	10Y1001A1001A39I	CTA	EE CTA	EE	1059.7	2018-05-02 09:01:18	3
2018-04-10 15:00:00	PT60M	10Y1001A1001A39I	CTA	EE CTA	EE	1044.0	2018-05-02 09:01:18	3
2018-04-10 16:00:00	PT60M	10Y1001A1001A39I	CTA	EE CTA	EE	1033.7	2018-05-02 09:01:18	3
2018-04-10 17:00:00	PT60M	10Y1001A1001A39I	CTA	EE CTA	EE	1051.2	2018-05-02 09:01:18	3
2018-04-10 18:00:00	PT60M	10Y1001A1001A39I	CTA	EE CTA	EE	1082.1	2018-05-02 09:01:18	3
2018-04-10 19:00:00	PT60M	10Y1001A1001A39I	CTA	EE CTA	EE	996.2	2018-05-02 09:01:18	3
2018-04-10 20:00:00	PT60M	10Y1001A1001A39I	CTA	EE CTA	EE	901.4	2018-05-02 09:01:18	3
2018-04-10 21:00:00	PT60M	10Y1001A1001A39I	CTA	EE CTA	EE	851.4	2018-05-02 09:01:18	3
2018-04-10 22:00:00	PT60M	10Y1001A1001A39I	CTA	EE CTA	EE	821.7	2018-05-02 09:01:18	3
2018-04-10 23:00:00	PT60M	10Y1001A1001A39I	CTA	EE CTA	EE	810.7	2018-05-02 09:01:18	3
2018-04-11 00:00:00	PT60M	10Y1001A1001A39I	CTA	EE CTA	EE	812.4	2018-05-02 09:01:18	3
2018-04-11 01:00:00	PT60M	10Y1001A1001A39I	CTA	EE CTA	EE	818.4	2018-05-02 09:01:18	3
2018-04-11 02:00:00	PT60M	10Y1001A1001A39I	CTA	EE CTA	EE	851.9	2018-05-02 09:01:18	3
2018-04-11 03:00:00	PT60M	10Y1001A1001A39I	CTA	EE CTA	EE	943.0	2018-05-02 09:01:18	3
2018-04-11 04:00:00	PT60M	10Y1001A1001A39I	CTA	EE CTA	EE	1063.3	2018-05-02 09:01:18	3
2018-04-11 05:00:00	PT60M	10Y1001A1001A39I	CTA	EE CTA	EE	1144.6	2018-05-02 08:46:13	3
2018-04-11 06:00:00	PT60M	10Y1001A1001A39I	CTA	EE CTA	EE	1156.6	2018-05-02 08:46:13	3
2018-04-11 07:00:00	PT60M	10Y1001A1001A39I	CTA	EE CTA	EE	1133.3	2018-05-02 08:46:13	3
2018-04-11 08:00:00	PT60M	10Y1001A1001A39I	CTA	EE CTA	EE	1114.5	2018-05-02 08:46:13	3
2018-04-11 09:00:00	PT60M	10Y1001A1001A39I	CTA	EE CTA	EE	1091.5	2018-05-02 08:46:13	3
2018-04-11 10:00:00	PT60M	10Y1001A1001A39I	CTA	EE CTA	EE	1107.2	2018-05-02 08:46:13	3
2018-04-11 11:00:00	PT60M	10Y1001A1001A39I	CTA	EE CTA	EE	1089.5	2018-05-02 08:46:13	3
2018-04-11 12:00:00	PT60M	10Y1001A1001A39I	CTA	EE CTA	EE	1079.5	2018-05-02 08:46:13	3
2018-04-11 13:00:00	PT60M	10Y1001A1001A39I	CTA	EE CTA	EE	1051.9	2018-05-02 08:46:13	3
2018-04-11 14:00:00	PT60M	10Y1001A1001A39I	CTA	EE CTA	EE	1033.9	2018-05-02 08:46:13	3
2018-04-11 15:00:00	PT60M	10Y1001A1001A39I	CTA	EE CTA	EE	1024.8	2018-05-02 08:46:13	3
2018-04-11 16:00:00	PT60M	10Y1001A1001A39I	CTA	EE CTA	EE	1015.8	2018-05-02 08:46:13	3
2018-04-11 17:00:00	PT60M	10Y1001A1001A39I	CTA	EE CTA	EE	1028.3	2018-05-02 08:46:13	3
2018-04-11 18:00:00	PT60M	10Y1001A1001A39I	CTA	EE CTA	EE	1067.0	2018-05-02 08:46:13	3
2018-04-11 19:00:00	PT60M	10Y1001A1001A39I	CTA	EE CTA	EE	976.7	2018-05-02 08:46:13	3
2018-04-11 20:00:00	PT60M	10Y1001A1001A39I	CTA	EE CTA	EE	883.3	2018-05-02 08:46:13	3
2018-04-11 21:00:00	PT60M	10Y1001A1001A39I	CTA	EE CTA	EE	839.8	2018-05-02 08:46:13	3
2018-04-11 22:00:00	PT60M	10Y1001A1001A39I	CTA	EE CTA	EE	818.7	2018-05-02 08:46:13	3
2018-04-11 23:00:00	PT60M	10Y1001A1001A39I	CTA	EE CTA	EE	809.4	2018-05-02 08:46:13	3
2018-04-12 00:00:00	PT60M	10Y1001A1001A39I	CTA	EE CTA	EE	807.6	2018-05-02 08:46:14	3
2018-04-12 01:00:00	PT60M	10Y1001A1001A39I	CTA	EE CTA	EE	812.3	2018-05-02 08:46:14	3
2018-04-12 02:00:00	PT60M	10Y1001A1001A39I	CTA	EE CTA	EE	851.1	2018-05-02 08:46:14	3
2018-04-12 03:00:00	PT60M	10Y1001A1001A39I	CTA	EE CTA	EE	941.1	2018-05-02 08:46:14	3
2018-04-12 04:00:00	PT60M	10Y1001A1001A39I	CTA	EE CTA	EE	1066.5	2018-05-02 08:46:14	3
2018-04-12 05:00:00	PT60M	10Y1001A1001A39I	CTA	EE CTA	EE	1156.3	2018-05-02 08:46:14	3
2018-04-12 06:00:00	PT60M	10Y1001A1001A39I	CTA	EE CTA	EE	1169.6	2018-05-02 08:46:14	3
2018-04-12 07:00:00	PT60M	10Y1001A1001A39I	CTA	EE CTA	EE	1140.4	2018-05-02 08:46:14	3
2018-04-12 08:00:00	PT60M	10Y1001A1001A39I	CTA	EE CTA	EE	1124.0	2018-05-02 08:46:14	3
2018-04-12 09:00:00	PT60M	10Y1001A1001A39I	CTA	EE CTA	EE	1099.6	2018-05-02 08:46:14	3
2018-04-12 10:00:00	PT60M	10Y1001A1001A39I	CTA	EE CTA	EE	1118.6	2018-05-02 08:46:14	3
2018-04-12 11:00:00	PT60M	10Y1001A1001A39I	CTA	EE CTA	EE	1102.8	2018-05-02 08:46:14	3
2018-04-12 12:00:00	PT60M	10Y1001A1001A39I	CTA	EE CTA	EE	1089.1	2018-05-02 08:46:14	3
2018-04-12 13:00:00	PT60M	10Y1001A1001A39I	CTA	EE CTA	EE	1058.9	2018-05-02 08:46:14	3
2018-04-12 14:00:00	PT60M	10Y1001A1001A39I	CTA	EE CTA	EE	1035.2	2018-05-02 08:46:14	3
2018-04-12 15:00:00	PT60M	10Y1001A1001A39I	CTA	EE CTA	EE	1027.8	2018-05-02 08:46:14	3
2018-04-12 16:00:00	PT60M	10Y1001A1001A39I	CTA	EE CTA	EE	1013.8	2018-05-02 08:46:14	3
2018-04-12 17:00:00	PT60M	10Y1001A1001A39I	CTA	EE CTA	EE	1029.6	2018-05-02 08:46:14	3
2018-04-12 18:00:00	PT60M	10Y1001A1001A39I	CTA	EE CTA	EE	1068.6	2018-05-02 08:46:14	3
2018-04-12 19:00:00	PT60M	10Y1001A1001A39I	CTA	EE CTA	EE	991.8	2018-05-02 08:46:14	3
2018-04-12 20:00:00	PT60M	10Y1001A1001A39I	CTA	EE CTA	EE	902.6	2018-04-30 15:46:09	3
2018-04-12 21:00:00	PT60M	10Y1001A1001A39I	CTA	EE CTA	EE	853.9	2018-04-30 15:46:09	3
2018-04-12 22:00:00	PT60M	10Y1001A1001A39I	CTA	EE CTA	EE	828.6	2018-04-30 15:46:09	3
2018-04-12 23:00:00	PT60M	10Y1001A1001A39I	CTA	EE CTA	EE	815.6	2018-04-30 15:46:09	3
2018-04-13 00:00:00	PT60M	10Y1001A1001A39I	CTA	EE CTA	EE	811.5	2018-04-30 15:46:09	3
2018-04-13 01:00:00	PT60M	10Y1001A1001A39I	CTA	EE CTA	EE	817.5	2018-04-30 15:46:09	3
2018-04-13 02:00:00	PT60M	10Y1001A1001A39I	CTA	EE CTA	EE	854.5	2018-04-30 15:46:09	3
2018-04-13 03:00:00	PT60M	10Y1001A1001A39I	CTA	EE CTA	EE	943.4	2018-04-30 15:46:09	3
2018-04-13 04:00:00	PT60M	10Y1001A1001A39I	CTA	EE CTA	EE	1059.5	2018-04-30 15:46:09	3
2018-04-13 05:00:00	PT60M	10Y1001A1001A39I	CTA	EE CTA	EE	1142.1	2018-04-30 15:46:09	3
2018-04-13 06:00:00	PT60M	10Y1001A1001A39I	CTA	EE CTA	EE	1162.5	2018-04-30 15:31:21	3
2018-04-13 07:00:00	PT60M	10Y1001A1001A39I	CTA	EE CTA	EE	1135.2	2018-04-30 15:31:21	3
2018-04-13 08:00:00	PT60M	10Y1001A1001A39I	CTA	EE CTA	EE	1119.7	2018-04-30 15:46:09	3
2018-04-13 09:00:00	PT60M	10Y1001A1001A39I	CTA	EE CTA	EE	1097.4	2018-04-30 15:31:21	3
2018-04-13 10:00:00	PT60M	10Y1001A1001A39I	CTA	EE CTA	EE	1111.4	2018-04-30 15:31:21	3
2018-04-13 11:00:00	PT60M	10Y1001A1001A39I	CTA	EE CTA	EE	1084.0	2018-04-30 15:46:09	3
2018-04-13 12:00:00	PT60M	10Y1001A1001A39I	CTA	EE CTA	EE	1065.1	2018-04-30 15:31:21	3
2018-04-13 13:00:00	PT60M	10Y1001A1001A39I	CTA	EE CTA	EE	1030.4	2018-04-30 15:46:09	3
2018-04-13 14:00:00	PT60M	10Y1001A1001A39I	CTA	EE CTA	EE	1012.6	2018-04-30 15:46:09	3
2018-04-13 15:00:00	PT60M	10Y1001A1001A39I	CTA	EE CTA	EE	999.0	2018-04-30 15:46:09	3
2018-04-13 16:00:00	PT60M	10Y1001A1001A39I	CTA	EE CTA	EE	984.7	2018-04-30 15:46:09	3
2018-04-13 17:00:00	PT60M	10Y1001A1001A39I	CTA	EE CTA	EE	991.1	2018-04-30 15:31:21	3
2018-04-13 18:00:00	PT60M	10Y1001A1001A39I	CTA	EE CTA	EE	1023.4	2018-04-30 15:31:21	3
2018-04-13 19:00:00	PT60M	10Y1001A1001A39I	CTA	EE CTA	EE	954.5	2018-04-30 15:46:09	3
2018-04-13 20:00:00	PT60M	10Y1001A1001A39I	CTA	EE CTA	EE	870.2	2018-04-30 15:46:09	3
2018-04-13 21:00:00	PT60M	10Y1001A1001A39I	CTA	EE CTA	EE	819.2	2018-04-30 15:31:21	3
2018-04-13 22:00:00	PT60M	10Y1001A1001A39I	CTA	EE CTA	EE	787.0	2018-04-30 15:46:09	3
2018-04-13 23:00:00	PT60M	10Y1001A1001A39I	CTA	EE CTA	EE	769.8	2018-04-30 15:46:09	3
2018-04-14 00:00:00	PT60M	10Y1001A1001A39I	CTA	EE CTA	EE	760.8	2018-04-30 15:46:11	3
2018-04-14 01:00:00	PT60M	10Y1001A1001A39I	CTA	EE CTA	EE	757.7	2018-04-30 15:46:11	3
2018-04-14 02:00:00	PT60M	10Y1001A1001A39I	CTA	EE CTA	EE	765.5	2018-04-30 15:31:14	3
2018-04-14 03:00:00	PT60M	10Y1001A1001A39I	CTA	EE CTA	EE	774.6	2018-04-30 15:31:14	3
2018-04-14 04:00:00	PT60M	10Y1001A1001A39I	CTA	EE CTA	EE	828.1	2018-04-30 15:31:14	3
2018-04-14 05:00:00	PT60M	10Y1001A1001A39I	CTA	EE CTA	EE	893.0	2018-04-30 15:31:14	3
2018-04-14 06:00:00	PT60M	10Y1001A1001A39I	CTA	EE CTA	EE	941.7	2018-04-30 15:46:11	3
2018-04-14 07:00:00	PT60M	10Y1001A1001A39I	CTA	EE CTA	EE	944.1	2018-04-30 15:46:11	3
2018-04-14 08:00:00	PT60M	10Y1001A1001A39I	CTA	EE CTA	EE	922.7	2018-04-30 15:46:11	3
2018-04-14 09:00:00	PT60M	10Y1001A1001A39I	CTA	EE CTA	EE	908.1	2018-04-30 15:46:11	3
2018-04-14 10:00:00	PT60M	10Y1001A1001A39I	CTA	EE CTA	EE	893.0	2018-04-30 15:46:11	3
2018-04-14 11:00:00	PT60M	10Y1001A1001A39I	CTA	EE CTA	EE	882.0	2018-04-30 15:46:11	3
2018-04-14 12:00:00	PT60M	10Y1001A1001A39I	CTA	EE CTA	EE	863.1	2018-04-30 15:31:14	3
2018-04-14 13:00:00	PT60M	10Y1001A1001A39I	CTA	EE CTA	EE	860.5	2018-04-30 15:31:14	3
2018-04-14 14:00:00	PT60M	10Y1001A1001A39I	CTA	EE CTA	EE	863.1	2018-04-30 15:31:14	3
2018-04-14 15:00:00	PT60M	10Y1001A1001A39I	CTA	EE CTA	EE	866.0	2018-04-30 15:46:11	3
2018-04-14 16:00:00	PT60M	10Y1001A1001A39I	CTA	EE CTA	EE	870.7	2018-04-30 15:31:14	3
2018-04-14 17:00:00	PT60M	10Y1001A1001A39I	CTA	EE CTA	EE	880.0	2018-04-30 15:31:14	3
2018-04-14 18:00:00	PT60M	10Y1001A1001A39I	CTA	EE CTA	EE	931.8	2018-04-30 15:46:11	3
2018-04-14 19:00:00	PT60M	10Y1001A1001A39I	CTA	EE CTA	EE	879.3	2018-04-30 15:31:14	3
2018-04-14 20:00:00	PT60M	10Y1001A1001A39I	CTA	EE CTA	EE	807.1	2018-04-30 15:46:11	3
2018-04-14 21:00:00	PT60M	10Y1001A1001A39I	CTA	EE CTA	EE	759.8	2018-04-30 15:46:11	3
2018-04-14 22:00:00	PT60M	10Y1001A1001A39I	CTA	EE CTA	EE	735.5	2018-04-30 15:46:11	3
2018-04-14 23:00:00	PT60M	10Y1001A1001A39I	CTA	EE CTA	EE	720.5	2018-04-30 15:46:11	3
2018-04-15 00:00:00	PT60M	10Y1001A1001A39I	CTA	EE CTA	EE	712.7	2018-04-30 15:31:10	3
2018-04-15 01:00:00	PT60M	10Y1001A1001A39I	CTA	EE CTA	EE	713.6	2018-04-30 15:46:11	3
2018-04-15 02:00:00	PT60M	10Y1001A1001A39I	CTA	EE CTA	EE	716.3	2018-04-30 15:31:10	3
2018-04-15 03:00:00	PT60M	10Y1001A1001A39I	CTA	EE CTA	EE	711.4	2018-04-30 15:46:11	3
2018-04-15 04:00:00	PT60M	10Y1001A1001A39I	CTA	EE CTA	EE	755.3	2018-04-30 15:46:11	3
2018-04-15 05:00:00	PT60M	10Y1001A1001A39I	CTA	EE CTA	EE	817.6	2018-04-30 15:31:10	3
2018-04-15 06:00:00	PT60M	10Y1001A1001A39I	CTA	EE CTA	EE	874.9	2018-04-30 15:31:10	3
2018-04-15 07:00:00	PT60M	10Y1001A1001A39I	CTA	EE CTA	EE	896.9	2018-04-30 15:31:10	3
2018-04-15 08:00:00	PT60M	10Y1001A1001A39I	CTA	EE CTA	EE	887.3	2018-04-30 15:31:10	3
2018-04-15 09:00:00	PT60M	10Y1001A1001A39I	CTA	EE CTA	EE	880.0	2018-04-30 15:31:10	3
2018-04-15 10:00:00	PT60M	10Y1001A1001A39I	CTA	EE CTA	EE	876.8	2018-04-30 15:31:10	3
2018-04-15 11:00:00	PT60M	10Y1001A1001A39I	CTA	EE CTA	EE	867.9	2018-04-30 15:46:11	3
2018-04-15 12:00:00	PT60M	10Y1001A1001A39I	CTA	EE CTA	EE	864.0	2018-04-30 15:31:10	3
2018-04-15 13:00:00	PT60M	10Y1001A1001A39I	CTA	EE CTA	EE	858.7	2018-04-30 15:31:10	3
2018-04-15 14:00:00	PT60M	10Y1001A1001A39I	CTA	EE CTA	EE	868.9	2018-04-30 15:31:10	3
2018-04-15 15:00:00	PT60M	10Y1001A1001A39I	CTA	EE CTA	EE	876.9	2018-04-30 15:31:10	3
2018-04-15 16:00:00	PT60M	10Y1001A1001A39I	CTA	EE CTA	EE	898.6	2018-04-30 15:46:11	3
2018-04-15 17:00:00	PT60M	10Y1001A1001A39I	CTA	EE CTA	EE	909.7	2018-04-30 15:46:11	3
2018-04-15 18:00:00	PT60M	10Y1001A1001A39I	CTA	EE CTA	EE	945.4	2018-04-30 15:31:10	3
2018-04-15 19:00:00	PT60M	10Y1001A1001A39I	CTA	EE CTA	EE	879.7	2018-04-30 15:31:10	3
2018-04-15 20:00:00	PT60M	10Y1001A1001A39I	CTA	EE CTA	EE	799.8	2018-04-30 15:31:10	3
2018-04-15 21:00:00	PT60M	10Y1001A1001A39I	CTA	EE CTA	EE	747.9	2018-04-30 15:31:10	3
2018-04-15 22:00:00	PT60M	10Y1001A1001A39I	CTA	EE CTA	EE	723.6	2018-04-30 15:31:10	3
2018-04-15 23:00:00	PT60M	10Y1001A1001A39I	CTA	EE CTA	EE	708.9	2018-04-30 15:31:10	3
2018-04-16 00:00:00	PT60M	10Y1001A1001A39I	CTA	EE CTA	EE	706.1	2018-04-30 15:31:10	4
2018-04-16 01:00:00	PT60M	10Y1001A1001A39I	CTA	EE CTA	EE	716.0	2018-04-30 15:31:10	4
2018-04-16 02:00:00	PT60M	10Y1001A1001A39I	CTA	EE CTA	EE	748.4	2018-04-30 15:31:10	4
2018-04-16 03:00:00	PT60M	10Y1001A1001A39I	CTA	EE CTA	EE	841.7	2018-04-30 15:31:10	4
2018-04-16 04:00:00	PT60M	10Y1001A1001A39I	CTA	EE CTA	EE	980.4	2018-04-30 15:01:14	4
2018-04-16 05:00:00	PT60M	10Y1001A1001A39I	CTA	EE CTA	EE	1094.7	2018-04-30 15:01:14	4
2018-04-16 06:00:00	PT60M	10Y1001A1001A39I	CTA	EE CTA	EE	1126.2	2018-04-30 15:01:14	4
2018-04-16 07:00:00	PT60M	10Y1001A1001A39I	CTA	EE CTA	EE	1116.1	2018-04-30 15:01:14	4
2018-04-16 08:00:00	PT60M	10Y1001A1001A39I	CTA	EE CTA	EE	1099.3	2018-04-30 15:01:14	4
2018-04-16 09:00:00	PT60M	10Y1001A1001A39I	CTA	EE CTA	EE	1081.2	2018-04-30 15:01:14	4
2018-04-16 10:00:00	PT60M	10Y1001A1001A39I	CTA	EE CTA	EE	1098.1	2018-04-30 15:01:14	4
2018-04-16 11:00:00	PT60M	10Y1001A1001A39I	CTA	EE CTA	EE	1076.7	2018-04-30 15:01:14	4
2018-04-16 12:00:00	PT60M	10Y1001A1001A39I	CTA	EE CTA	EE	1060.0	2018-04-30 15:01:14	4
2018-04-16 13:00:00	PT60M	10Y1001A1001A39I	CTA	EE CTA	EE	1029.8	2018-04-30 15:01:14	4
2018-04-16 14:00:00	PT60M	10Y1001A1001A39I	CTA	EE CTA	EE	1001.6	2018-04-30 15:01:14	4
2018-04-16 15:00:00	PT60M	10Y1001A1001A39I	CTA	EE CTA	EE	980.8	2018-04-30 15:01:14	4
2018-04-16 16:00:00	PT60M	10Y1001A1001A39I	CTA	EE CTA	EE	968.6	2018-04-30 15:01:14	4
2018-04-16 17:00:00	PT60M	10Y1001A1001A39I	CTA	EE CTA	EE	966.7	2018-04-30 15:01:14	4
2018-04-16 18:00:00	PT60M	10Y1001A1001A39I	CTA	EE CTA	EE	993.0	2018-04-30 15:01:14	4
2018-04-16 19:00:00	PT60M	10Y1001A1001A39I	CTA	EE CTA	EE	916.5	2018-04-30 15:01:14	4
2018-04-16 20:00:00	PT60M	10Y1001A1001A39I	CTA	EE CTA	EE	815.7	2018-04-30 15:01:14	4
2018-04-16 21:00:00	PT60M	10Y1001A1001A39I	CTA	EE CTA	EE	765.9	2018-04-30 15:01:14	4
2018-04-16 22:00:00	PT60M	10Y1001A1001A39I	CTA	EE CTA	EE	742.6	2018-04-30 15:01:14	4
2018-04-16 23:00:00	PT60M	10Y1001A1001A39I	CTA	EE CTA	EE	730.0	2018-04-30 15:01:14	4
2018-04-17 00:00:00	PT60M	10Y1001A1001A39I	CTA	EE CTA	EE	721.8	2018-04-30 14:31:12	4
2018-04-17 01:00:00	PT60M	10Y1001A1001A39I	CTA	EE CTA	EE	729.7	2018-04-30 14:31:12	4
2018-04-17 02:00:00	PT60M	10Y1001A1001A39I	CTA	EE CTA	EE	761.6	2018-04-30 14:31:12	4
2018-04-17 03:00:00	PT60M	10Y1001A1001A39I	CTA	EE CTA	EE	855.9	2018-04-30 13:46:03	4
2018-04-17 04:00:00	PT60M	10Y1001A1001A39I	CTA	EE CTA	EE	995.4	2018-04-30 13:46:03	4
2018-04-17 05:00:00	PT60M	10Y1001A1001A39I	CTA	EE CTA	EE	1099.2	2018-04-30 13:46:03	4
2018-04-17 06:00:00	PT60M	10Y1001A1001A39I	CTA	EE CTA	EE	1143.6	2018-04-30 13:46:03	4
2018-04-17 07:00:00	PT60M	10Y1001A1001A39I	CTA	EE CTA	EE	1139.9	2018-04-30 13:46:03	4
2018-04-17 08:00:00	PT60M	10Y1001A1001A39I	CTA	EE CTA	EE	1135.0	2018-04-30 13:46:03	4
2018-04-17 09:00:00	PT60M	10Y1001A1001A39I	CTA	EE CTA	EE	1121.2	2018-04-30 13:46:03	4
2018-04-17 10:00:00	PT60M	10Y1001A1001A39I	CTA	EE CTA	EE	1137.4	2018-04-30 13:46:03	4
2018-04-17 11:00:00	PT60M	10Y1001A1001A39I	CTA	EE CTA	EE	1122.2	2018-04-30 13:46:03	4
2018-04-17 12:00:00	PT60M	10Y1001A1001A39I	CTA	EE CTA	EE	1113.3	2018-04-30 13:46:03	4
2018-04-17 13:00:00	PT60M	10Y1001A1001A39I	CTA	EE CTA	EE	1076.5	2018-04-30 13:46:03	4
2018-04-17 14:00:00	PT60M	10Y1001A1001A39I	CTA	EE CTA	EE	1043.7	2018-04-30 13:46:03	4
2018-04-17 15:00:00	PT60M	10Y1001A1001A39I	CTA	EE CTA	EE	1028.0	2018-04-30 13:46:03	4
2018-04-17 16:00:00	PT60M	10Y1001A1001A39I	CTA	EE CTA	EE	1011.7	2018-04-30 13:46:03	4
2018-04-17 17:00:00	PT60M	10Y1001A1001A39I	CTA	EE CTA	EE	1009.5	2018-04-30 13:46:03	4
2018-04-17 18:00:00	PT60M	10Y1001A1001A39I	CTA	EE CTA	EE	1030.9	2018-04-30 13:46:03	4
2018-04-17 19:00:00	PT60M	10Y1001A1001A39I	CTA	EE CTA	EE	946.6	2018-04-30 13:46:03	4
2018-04-17 20:00:00	PT60M	10Y1001A1001A39I	CTA	EE CTA	EE	851.4	2018-04-30 13:46:03	4
2018-04-17 21:00:00	PT60M	10Y1001A1001A39I	CTA	EE CTA	EE	795.6	2018-04-30 13:46:03	4
2018-04-17 22:00:00	PT60M	10Y1001A1001A39I	CTA	EE CTA	EE	769.4	2018-04-30 13:46:03	4
2018-04-17 23:00:00	PT60M	10Y1001A1001A39I	CTA	EE CTA	EE	748.2	2018-04-30 13:46:03	4
2018-04-18 00:00:00	PT60M	10Y1001A1001A39I	CTA	EE CTA	EE	744.3	2018-04-30 13:46:03	4
2018-04-18 01:00:00	PT60M	10Y1001A1001A39I	CTA	EE CTA	EE	753.3	2018-04-30 13:46:03	4
2018-04-18 02:00:00	PT60M	10Y1001A1001A39I	CTA	EE CTA	EE	784.0	2018-04-30 13:46:03	4
2018-04-18 03:00:00	PT60M	10Y1001A1001A39I	CTA	EE CTA	EE	877.5	2018-04-30 13:46:03	4
2018-04-18 04:00:00	PT60M	10Y1001A1001A39I	CTA	EE CTA	EE	1010.7	2018-04-30 13:46:03	4
2018-04-18 05:00:00	PT60M	10Y1001A1001A39I	CTA	EE CTA	EE	1119.0	2018-04-30 13:46:03	4
2018-04-18 06:00:00	PT60M	10Y1001A1001A39I	CTA	EE CTA	EE	1158.0	2018-04-30 13:46:03	4
2018-04-18 07:00:00	PT60M	10Y1001A1001A39I	CTA	EE CTA	EE	1150.0	2018-04-30 13:46:03	4
2018-04-18 08:00:00	PT60M	10Y1001A1001A39I	CTA	EE CTA	EE	1132.9	2018-04-30 13:46:03	4
2018-04-18 09:00:00	PT60M	10Y1001A1001A39I	CTA	EE CTA	EE	1097.7	2018-04-30 13:46:03	4
2018-04-18 10:00:00	PT60M	10Y1001A1001A39I	CTA	EE CTA	EE	1112.3	2018-04-30 13:46:03	4
2018-04-18 11:00:00	PT60M	10Y1001A1001A39I	CTA	EE CTA	EE	1086.3	2018-04-30 13:46:03	4
2018-04-18 12:00:00	PT60M	10Y1001A1001A39I	CTA	EE CTA	EE	1078.4	2018-04-30 13:46:03	4
2018-04-18 13:00:00	PT60M	10Y1001A1001A39I	CTA	EE CTA	EE	1040.1	2018-04-30 13:46:03	4
2018-04-18 14:00:00	PT60M	10Y1001A1001A39I	CTA	EE CTA	EE	1016.7	2018-04-30 13:46:03	4
2018-04-18 15:00:00	PT60M	10Y1001A1001A39I	CTA	EE CTA	EE	1015.0	2018-04-30 13:46:03	4
2018-04-18 16:00:00	PT60M	10Y1001A1001A39I	CTA	EE CTA	EE	1002.3	2018-04-30 13:46:03	4
2018-04-18 17:00:00	PT60M	10Y1001A1001A39I	CTA	EE CTA	EE	999.5	2018-04-30 13:46:03	4
2018-04-18 18:00:00	PT60M	10Y1001A1001A39I	CTA	EE CTA	EE	1011.9	2018-04-30 13:46:03	4
2018-04-18 19:00:00	PT60M	10Y1001A1001A39I	CTA	EE CTA	EE	941.5	2018-04-30 13:31:18	4
2018-04-18 20:00:00	PT60M	10Y1001A1001A39I	CTA	EE CTA	EE	840.9	2018-04-30 13:31:18	4
2018-04-18 21:00:00	PT60M	10Y1001A1001A39I	CTA	EE CTA	EE	782.9	2018-04-30 13:31:18	4
2018-04-18 22:00:00	PT60M	10Y1001A1001A39I	CTA	EE CTA	EE	757.4	2018-04-30 13:31:18	4
2018-04-18 23:00:00	PT60M	10Y1001A1001A39I	CTA	EE CTA	EE	738.5	2018-04-30 13:31:18	4
2018-04-19 00:00:00	PT60M	10Y1001A1001A39I	CTA	EE CTA	EE	734.7	2018-04-30 13:31:13	4
2018-04-19 01:00:00	PT60M	10Y1001A1001A39I	CTA	EE CTA	EE	741.9	2018-04-30 13:31:13	4
2018-04-19 02:00:00	PT60M	10Y1001A1001A39I	CTA	EE CTA	EE	767.1	2018-04-30 13:31:13	4
2018-04-19 03:00:00	PT60M	10Y1001A1001A39I	CTA	EE CTA	EE	865.3	2018-04-30 13:31:13	4
2018-04-19 04:00:00	PT60M	10Y1001A1001A39I	CTA	EE CTA	EE	1000.4	2018-04-30 13:31:13	4
2018-04-19 05:00:00	PT60M	10Y1001A1001A39I	CTA	EE CTA	EE	1112.6	2018-04-30 13:31:13	4
2018-04-19 06:00:00	PT60M	10Y1001A1001A39I	CTA	EE CTA	EE	1151.9	2018-04-30 13:31:13	4
2018-04-19 07:00:00	PT60M	10Y1001A1001A39I	CTA	EE CTA	EE	1143.2	2018-04-30 13:31:13	4
2018-04-19 08:00:00	PT60M	10Y1001A1001A39I	CTA	EE CTA	EE	1133.4	2018-04-30 13:31:13	4
2018-04-19 09:00:00	PT60M	10Y1001A1001A39I	CTA	EE CTA	EE	1093.9	2018-04-30 13:31:13	4
2018-04-19 10:00:00	PT60M	10Y1001A1001A39I	CTA	EE CTA	EE	1101.8	2018-04-30 13:31:13	4
2018-04-19 11:00:00	PT60M	10Y1001A1001A39I	CTA	EE CTA	EE	1075.4	2018-04-30 13:31:13	4
2018-04-19 12:00:00	PT60M	10Y1001A1001A39I	CTA	EE CTA	EE	1057.9	2018-04-30 13:31:13	4
2018-04-19 13:00:00	PT60M	10Y1001A1001A39I	CTA	EE CTA	EE	1025.1	2018-04-30 13:31:13	4
2018-04-19 14:00:00	PT60M	10Y1001A1001A39I	CTA	EE CTA	EE	1023.2	2018-04-30 13:31:13	4
2018-04-19 15:00:00	PT60M	10Y1001A1001A39I	CTA	EE CTA	EE	1005.5	2018-04-30 13:31:13	4
2018-04-19 16:00:00	PT60M	10Y1001A1001A39I	CTA	EE CTA	EE	989.1	2018-04-30 13:31:13	4
2018-04-19 17:00:00	PT60M	10Y1001A1001A39I	CTA	EE CTA	EE	991.0	2018-04-30 13:31:13	4
2018-04-19 18:00:00	PT60M	10Y1001A1001A39I	CTA	EE CTA	EE	1030.6	2018-04-30 13:31:13	4
2018-04-19 19:00:00	PT60M	10Y1001A1001A39I	CTA	EE CTA	EE	962.2	2018-04-30 13:31:13	4
2018-04-19 20:00:00	PT60M	10Y1001A1001A39I	CTA	EE CTA	EE	865.1	2018-04-30 13:31:13	4
2018-04-19 21:00:00	PT60M	10Y1001A1001A39I	CTA	EE CTA	EE	802.8	2018-04-30 13:31:13	4
2018-04-19 22:00:00	PT60M	10Y1001A1001A39I	CTA	EE CTA	EE	773.1	2018-04-30 13:31:13	4
2018-04-19 23:00:00	PT60M	10Y1001A1001A39I	CTA	EE CTA	EE	761.8	2018-04-30 13:31:13	4
2018-04-20 00:00:00	PT60M	10Y1001A1001A39I	CTA	EE CTA	EE	752.5	2018-04-30 13:31:13	4
2018-04-20 01:00:00	PT60M	10Y1001A1001A39I	CTA	EE CTA	EE	759.5	2018-04-30 13:31:13	4
2018-04-20 02:00:00	PT60M	10Y1001A1001A39I	CTA	EE CTA	EE	780.8	2018-04-30 13:31:13	4
2018-04-20 03:00:00	PT60M	10Y1001A1001A39I	CTA	EE CTA	EE	876.8	2018-04-30 13:31:13	4
2018-04-20 04:00:00	PT60M	10Y1001A1001A39I	CTA	EE CTA	EE	1007.4	2018-04-30 13:31:13	4
2018-04-20 05:00:00	PT60M	10Y1001A1001A39I	CTA	EE CTA	EE	1107.5	2018-04-30 13:31:13	4
2018-04-20 06:00:00	PT60M	10Y1001A1001A39I	CTA	EE CTA	EE	1132.7	2018-04-30 13:31:13	4
2018-04-20 07:00:00	PT60M	10Y1001A1001A39I	CTA	EE CTA	EE	1113.4	2018-04-30 13:31:13	4
2018-04-20 08:00:00	PT60M	10Y1001A1001A39I	CTA	EE CTA	EE	1092.9	2018-04-30 13:31:13	4
2018-04-20 09:00:00	PT60M	10Y1001A1001A39I	CTA	EE CTA	EE	1068.5	2018-04-30 13:31:13	4
2018-04-20 10:00:00	PT60M	10Y1001A1001A39I	CTA	EE CTA	EE	1074.5	2018-04-30 13:31:13	4
2018-04-20 11:00:00	PT60M	10Y1001A1001A39I	CTA	EE CTA	EE	1050.3	2018-04-30 11:01:10	4
2018-04-20 12:00:00	PT60M	10Y1001A1001A39I	CTA	EE CTA	EE	1032.7	2018-04-30 11:01:10	4
2018-04-20 13:00:00	PT60M	10Y1001A1001A39I	CTA	EE CTA	EE	998.7	2018-04-30 11:01:10	4
2018-04-20 14:00:00	PT60M	10Y1001A1001A39I	CTA	EE CTA	EE	983.8	2018-04-30 11:01:10	4
2018-04-20 15:00:00	PT60M	10Y1001A1001A39I	CTA	EE CTA	EE	969.7	2018-04-30 11:01:10	4
2018-04-20 16:00:00	PT60M	10Y1001A1001A39I	CTA	EE CTA	EE	961.3	2018-04-30 11:01:10	4
2018-04-20 17:00:00	PT60M	10Y1001A1001A39I	CTA	EE CTA	EE	940.8	2018-04-30 11:01:10	4
2018-04-20 18:00:00	PT60M	10Y1001A1001A39I	CTA	EE CTA	EE	969.6	2018-04-30 11:01:10	4
2018-04-20 19:00:00	PT60M	10Y1001A1001A39I	CTA	EE CTA	EE	912.7	2018-04-30 11:01:10	4
2018-04-20 20:00:00	PT60M	10Y1001A1001A39I	CTA	EE CTA	EE	831.5	2018-04-30 11:01:10	4
2018-04-20 21:00:00	PT60M	10Y1001A1001A39I	CTA	EE CTA	EE	773.6	2018-04-30 11:01:10	4
2018-04-20 22:00:00	PT60M	10Y1001A1001A39I	CTA	EE CTA	EE	735.9	2018-04-30 11:01:10	4
2018-04-20 23:00:00	PT60M	10Y1001A1001A39I	CTA	EE CTA	EE	721.1	2018-04-30 11:01:10	4
2018-04-21 00:00:00	PT60M	10Y1001A1001A39I	CTA	EE CTA	EE	711.6	2018-04-30 11:01:10	4
2018-04-21 01:00:00	PT60M	10Y1001A1001A39I	CTA	EE CTA	EE	704.3	2018-04-30 11:01:10	4
2018-04-21 02:00:00	PT60M	10Y1001A1001A39I	CTA	EE CTA	EE	704.5	2018-04-30 11:01:10	4
2018-04-21 03:00:00	PT60M	10Y1001A1001A39I	CTA	EE CTA	EE	718.6	2018-04-30 11:01:10	4
2018-04-21 04:00:00	PT60M	10Y1001A1001A39I	CTA	EE CTA	EE	774.9	2018-04-30 11:01:10	4
2018-04-21 05:00:00	PT60M	10Y1001A1001A39I	CTA	EE CTA	EE	856.7	2018-04-30 11:01:10	4
2018-04-21 06:00:00	PT60M	10Y1001A1001A39I	CTA	EE CTA	EE	916.0	2018-04-30 11:01:10	4
2018-04-21 07:00:00	PT60M	10Y1001A1001A39I	CTA	EE CTA	EE	939.9	2018-04-30 11:01:10	4
2018-04-21 08:00:00	PT60M	10Y1001A1001A39I	CTA	EE CTA	EE	939.5	2018-04-30 11:01:10	4
2018-04-21 09:00:00	PT60M	10Y1001A1001A39I	CTA	EE CTA	EE	930.2	2018-04-30 11:01:10	4
2018-04-21 10:00:00	PT60M	10Y1001A1001A39I	CTA	EE CTA	EE	918.6	2018-04-30 11:01:10	4
2018-04-21 11:00:00	PT60M	10Y1001A1001A39I	CTA	EE CTA	EE	889.5	2018-04-30 11:01:10	4
2018-04-21 12:00:00	PT60M	10Y1001A1001A39I	CTA	EE CTA	EE	877.4	2018-04-30 11:01:10	4
2018-04-21 13:00:00	PT60M	10Y1001A1001A39I	CTA	EE CTA	EE	869.0	2018-04-30 11:01:10	4
2018-04-21 14:00:00	PT60M	10Y1001A1001A39I	CTA	EE CTA	EE	872.4	2018-04-30 11:01:10	4
2018-04-21 15:00:00	PT60M	10Y1001A1001A39I	CTA	EE CTA	EE	867.7	2018-04-30 11:01:10	4
2018-04-21 16:00:00	PT60M	10Y1001A1001A39I	CTA	EE CTA	EE	865.7	2018-04-30 11:01:10	4
2018-04-21 17:00:00	PT60M	10Y1001A1001A39I	CTA	EE CTA	EE	867.6	2018-04-30 10:46:16	4
2018-04-21 18:00:00	PT60M	10Y1001A1001A39I	CTA	EE CTA	EE	897.0	2018-04-30 10:46:16	4
2018-04-21 19:00:00	PT60M	10Y1001A1001A39I	CTA	EE CTA	EE	861.2	2018-04-30 10:46:16	4
2018-04-21 20:00:00	PT60M	10Y1001A1001A39I	CTA	EE CTA	EE	795.0	2018-04-30 10:46:16	4
2018-04-21 21:00:00	PT60M	10Y1001A1001A39I	CTA	EE CTA	EE	743.2	2018-04-30 10:46:16	4
2018-04-21 22:00:00	PT60M	10Y1001A1001A39I	CTA	EE CTA	EE	720.3	2018-04-30 10:46:16	4
2018-04-21 23:00:00	PT60M	10Y1001A1001A39I	CTA	EE CTA	EE	703.1	2018-04-30 10:46:16	4
2018-04-22 00:00:00	PT60M	10Y1001A1001A39I	CTA	EE CTA	EE	690.6	2018-04-30 10:46:09	4
2018-04-22 01:00:00	PT60M	10Y1001A1001A39I	CTA	EE CTA	EE	688.0	2018-04-30 10:46:09	4
2018-04-22 02:00:00	PT60M	10Y1001A1001A39I	CTA	EE CTA	EE	684.8	2018-04-30 10:46:09	4
2018-04-22 03:00:00	PT60M	10Y1001A1001A39I	CTA	EE CTA	EE	674.5	2018-04-30 10:46:09	4
2018-04-22 04:00:00	PT60M	10Y1001A1001A39I	CTA	EE CTA	EE	713.9	2018-04-30 10:46:09	4
2018-04-22 05:00:00	PT60M	10Y1001A1001A39I	CTA	EE CTA	EE	790.6	2018-04-30 10:46:09	4
2018-04-22 06:00:00	PT60M	10Y1001A1001A39I	CTA	EE CTA	EE	882.1	2018-04-30 10:46:09	4
2018-04-22 07:00:00	PT60M	10Y1001A1001A39I	CTA	EE CTA	EE	905.2	2018-04-30 10:46:09	4
2018-04-22 08:00:00	PT60M	10Y1001A1001A39I	CTA	EE CTA	EE	899.6	2018-04-30 10:46:09	4
2018-04-22 09:00:00	PT60M	10Y1001A1001A39I	CTA	EE CTA	EE	896.2	2018-04-30 10:46:09	4
2018-04-22 10:00:00	PT60M	10Y1001A1001A39I	CTA	EE CTA	EE	884.0	2018-04-30 10:46:09	4
2018-04-22 11:00:00	PT60M	10Y1001A1001A39I	CTA	EE CTA	EE	876.1	2018-04-30 10:46:09	4
2018-04-22 12:00:00	PT60M	10Y1001A1001A39I	CTA	EE CTA	EE	873.5	2018-04-30 10:46:09	4
2018-04-22 13:00:00	PT60M	10Y1001A1001A39I	CTA	EE CTA	EE	869.7	2018-04-30 10:46:09	4
2018-04-22 14:00:00	PT60M	10Y1001A1001A39I	CTA	EE CTA	EE	890.1	2018-04-30 10:46:09	4
2018-04-22 15:00:00	PT60M	10Y1001A1001A39I	CTA	EE CTA	EE	903.3	2018-04-30 10:46:09	4
2018-04-22 16:00:00	PT60M	10Y1001A1001A39I	CTA	EE CTA	EE	913.1	2018-04-30 10:46:09	4
2018-04-22 17:00:00	PT60M	10Y1001A1001A39I	CTA	EE CTA	EE	911.9	2018-04-30 10:46:09	4
2018-04-22 18:00:00	PT60M	10Y1001A1001A39I	CTA	EE CTA	EE	953.9	2018-04-30 10:46:09	4
2018-04-22 19:00:00	PT60M	10Y1001A1001A39I	CTA	EE CTA	EE	911.9	2018-04-30 10:46:09	4
2018-04-22 20:00:00	PT60M	10Y1001A1001A39I	CTA	EE CTA	EE	824.0	2018-04-30 10:46:09	4
2018-04-22 21:00:00	PT60M	10Y1001A1001A39I	CTA	EE CTA	EE	771.9	2018-04-30 10:46:09	4
2018-04-22 22:00:00	PT60M	10Y1001A1001A39I	CTA	EE CTA	EE	749.5	2018-04-30 10:46:09	4
2018-04-22 23:00:00	PT60M	10Y1001A1001A39I	CTA	EE CTA	EE	739.1	2018-04-30 10:46:09	4
2018-04-23 00:00:00	PT60M	10Y1001A1001A39I	CTA	EE CTA	EE	737.0	2018-04-30 10:46:06	5
2018-04-23 01:00:00	PT60M	10Y1001A1001A39I	CTA	EE CTA	EE	748.3	2018-04-30 10:46:06	5
2018-04-23 02:00:00	PT60M	10Y1001A1001A39I	CTA	EE CTA	EE	764.6	2018-04-30 10:46:06	5
2018-04-23 03:00:00	PT60M	10Y1001A1001A39I	CTA	EE CTA	EE	872.1	2018-04-30 10:46:06	5
2018-04-23 04:00:00	PT60M	10Y1001A1001A39I	CTA	EE CTA	EE	989.2	2018-04-30 10:46:06	5
2018-04-23 05:00:00	PT60M	10Y1001A1001A39I	CTA	EE CTA	EE	1099.0	2018-04-30 10:46:06	5
2018-04-23 06:00:00	PT60M	10Y1001A1001A39I	CTA	EE CTA	EE	1136.4	2018-04-30 10:46:06	5
2018-04-23 07:00:00	PT60M	10Y1001A1001A39I	CTA	EE CTA	EE	1124.5	2018-04-30 10:46:06	5
2018-04-23 08:00:00	PT60M	10Y1001A1001A39I	CTA	EE CTA	EE	1107.5	2018-04-30 10:46:06	5
2018-04-23 09:00:00	PT60M	10Y1001A1001A39I	CTA	EE CTA	EE	1087.6	2018-04-30 10:46:06	5
2018-04-23 10:00:00	PT60M	10Y1001A1001A39I	CTA	EE CTA	EE	1103.9	2018-04-30 10:46:06	5
2018-04-23 11:00:00	PT60M	10Y1001A1001A39I	CTA	EE CTA	EE	1071.3	2018-04-30 10:46:06	5
2018-04-23 12:00:00	PT60M	10Y1001A1001A39I	CTA	EE CTA	EE	1064.9	2018-04-30 10:46:06	5
2018-04-23 13:00:00	PT60M	10Y1001A1001A39I	CTA	EE CTA	EE	1029.6	2018-04-30 10:46:06	5
2018-04-23 14:00:00	PT60M	10Y1001A1001A39I	CTA	EE CTA	EE	1012.7	2018-04-30 10:46:06	5
2018-04-23 15:00:00	PT60M	10Y1001A1001A39I	CTA	EE CTA	EE	996.7	2018-04-30 10:46:06	5
2018-04-23 16:00:00	PT60M	10Y1001A1001A39I	CTA	EE CTA	EE	989.2	2018-04-30 10:46:06	5
2018-04-23 17:00:00	PT60M	10Y1001A1001A39I	CTA	EE CTA	EE	985.6	2018-04-30 10:46:06	5
2018-04-23 18:00:00	PT60M	10Y1001A1001A39I	CTA	EE CTA	EE	1010.9	2018-04-30 10:46:06	5
2018-04-23 19:00:00	PT60M	10Y1001A1001A39I	CTA	EE CTA	EE	951.1	2018-04-30 10:46:06	5
2018-04-23 20:00:00	PT60M	10Y1001A1001A39I	CTA	EE CTA	EE	856.0	2018-04-30 10:46:06	5
2018-04-23 21:00:00	PT60M	10Y1001A1001A39I	CTA	EE CTA	EE	798.9	2018-04-30 10:46:06	5
2018-04-23 22:00:00	PT60M	10Y1001A1001A39I	CTA	EE CTA	EE	758.9	2018-04-30 10:46:06	5
2018-04-23 23:00:00	PT60M	10Y1001A1001A39I	CTA	EE CTA	EE	737.5	2018-04-30 10:46:06	5
2018-04-24 00:00:00	PT60M	10Y1001A1001A39I	CTA	EE CTA	EE	730.4	2018-04-30 10:46:06	5
2018-04-24 01:00:00	PT60M	10Y1001A1001A39I	CTA	EE CTA	EE	729.7	2018-04-30 10:46:06	5
2018-04-24 02:00:00	PT60M	10Y1001A1001A39I	CTA	EE CTA	EE	741.8	2018-04-30 10:46:06	5
2018-04-24 03:00:00	PT60M	10Y1001A1001A39I	CTA	EE CTA	EE	839.6	2018-04-30 10:46:06	5
2018-04-24 04:00:00	PT60M	10Y1001A1001A39I	CTA	EE CTA	EE	965.3	2018-04-30 10:46:06	5
2018-04-24 05:00:00	PT60M	10Y1001A1001A39I	CTA	EE CTA	EE	1079.2	2018-04-30 10:46:06	5
2018-04-24 06:00:00	PT60M	10Y1001A1001A39I	CTA	EE CTA	EE	1125.7	2018-04-30 10:46:06	5
2018-04-24 07:00:00	PT60M	10Y1001A1001A39I	CTA	EE CTA	EE	1128.3	2018-04-30 10:31:30	5
2018-04-24 08:00:00	PT60M	10Y1001A1001A39I	CTA	EE CTA	EE	1117.3	2018-04-30 10:31:30	5
2018-04-24 09:00:00	PT60M	10Y1001A1001A39I	CTA	EE CTA	EE	1093.1	2018-04-30 10:31:30	5
2018-04-24 10:00:00	PT60M	10Y1001A1001A39I	CTA	EE CTA	EE	1096.2	2018-04-30 10:31:30	5
2018-04-24 11:00:00	PT60M	10Y1001A1001A39I	CTA	EE CTA	EE	1089.5	2018-04-30 10:31:30	5
2018-04-24 12:00:00	PT60M	10Y1001A1001A39I	CTA	EE CTA	EE	1081.7	2018-04-30 10:31:30	5
2018-04-24 13:00:00	PT60M	10Y1001A1001A39I	CTA	EE CTA	EE	1052.8	2018-04-30 10:31:30	5
2018-04-24 14:00:00	PT60M	10Y1001A1001A39I	CTA	EE CTA	EE	1033.1	2018-04-30 10:31:30	5
2018-04-24 15:00:00	PT60M	10Y1001A1001A39I	CTA	EE CTA	EE	1015.5	2018-04-30 10:31:30	5
2018-04-24 16:00:00	PT60M	10Y1001A1001A39I	CTA	EE CTA	EE	996.1	2018-04-30 10:31:30	5
2018-04-24 17:00:00	PT60M	10Y1001A1001A39I	CTA	EE CTA	EE	980.9	2018-04-30 10:31:30	5
2018-04-24 18:00:00	PT60M	10Y1001A1001A39I	CTA	EE CTA	EE	996.0	2018-04-30 10:31:30	5
2018-04-24 19:00:00	PT60M	10Y1001A1001A39I	CTA	EE CTA	EE	925.1	2018-04-30 10:31:30	5
2018-04-24 20:00:00	PT60M	10Y1001A1001A39I	CTA	EE CTA	EE	837.2	2018-04-30 10:31:33	5
2018-04-24 21:00:00	PT60M	10Y1001A1001A39I	CTA	EE CTA	EE	786.2	2018-04-30 10:31:30	5
2018-04-24 22:00:00	PT60M	10Y1001A1001A39I	CTA	EE CTA	EE	760.8	2018-04-30 10:31:30	5
2018-04-24 23:00:00	PT60M	10Y1001A1001A39I	CTA	EE CTA	EE	741.9	2018-04-30 10:31:30	5
2018-04-25 00:00:00	PT60M	10Y1001A1001A39I	CTA	EE CTA	EE	735.8	2018-04-30 10:31:23	5
2018-04-25 01:00:00	PT60M	10Y1001A1001A39I	CTA	EE CTA	EE	737.1	2018-04-30 10:31:23	5
2018-04-25 02:00:00	PT60M	10Y1001A1001A39I	CTA	EE CTA	EE	758.4	2018-04-30 10:31:23	5
2018-04-25 03:00:00	PT60M	10Y1001A1001A39I	CTA	EE CTA	EE	851.3	2018-04-30 10:31:23	5
2018-04-25 04:00:00	PT60M	10Y1001A1001A39I	CTA	EE CTA	EE	972.4	2018-04-30 10:31:23	5
2018-04-25 05:00:00	PT60M	10Y1001A1001A39I	CTA	EE CTA	EE	1093.2	2018-04-30 10:31:23	5
2018-04-25 06:00:00	PT60M	10Y1001A1001A39I	CTA	EE CTA	EE	1140.2	2018-04-30 10:31:23	5
2018-04-25 07:00:00	PT60M	10Y1001A1001A39I	CTA	EE CTA	EE	1147.6	2018-04-30 10:31:23	5
2018-04-25 08:00:00	PT60M	10Y1001A1001A39I	CTA	EE CTA	EE	1133.9	2018-04-30 10:31:23	5
2018-04-25 09:00:00	PT60M	10Y1001A1001A39I	CTA	EE CTA	EE	1119.8	2018-04-30 10:31:23	5
2018-04-25 10:00:00	PT60M	10Y1001A1001A39I	CTA	EE CTA	EE	1131.3	2018-04-30 10:31:23	5
2018-04-25 11:00:00	PT60M	10Y1001A1001A39I	CTA	EE CTA	EE	1119.9	2018-04-30 10:31:23	5
2018-04-25 12:00:00	PT60M	10Y1001A1001A39I	CTA	EE CTA	EE	1101.2	2018-04-30 10:31:23	5
2018-04-25 13:00:00	PT60M	10Y1001A1001A39I	CTA	EE CTA	EE	1070.6	2018-04-30 10:31:23	5
2018-04-25 14:00:00	PT60M	10Y1001A1001A39I	CTA	EE CTA	EE	1047.4	2018-04-30 10:31:23	5
2018-04-25 15:00:00	PT60M	10Y1001A1001A39I	CTA	EE CTA	EE	1030.8	2018-04-30 10:31:23	5
2018-04-25 16:00:00	PT60M	10Y1001A1001A39I	CTA	EE CTA	EE	1005.4	2018-04-30 10:31:23	5
2018-04-25 17:00:00	PT60M	10Y1001A1001A39I	CTA	EE CTA	EE	981.7	2018-04-30 10:31:23	5
2018-04-25 18:00:00	PT60M	10Y1001A1001A39I	CTA	EE CTA	EE	1001.7	2018-04-30 10:31:23	5
2018-04-25 19:00:00	PT60M	10Y1001A1001A39I	CTA	EE CTA	EE	934.0	2018-04-30 10:31:23	5
2018-04-25 20:00:00	PT60M	10Y1001A1001A39I	CTA	EE CTA	EE	846.6	2018-04-30 10:31:23	5
2018-04-25 21:00:00	PT60M	10Y1001A1001A39I	CTA	EE CTA	EE	793.7	2018-04-30 10:31:23	5
2018-04-25 22:00:00	PT60M	10Y1001A1001A39I	CTA	EE CTA	EE	750.0	2018-04-30 10:31:23	5
2018-04-25 23:00:00	PT60M	10Y1001A1001A39I	CTA	EE CTA	EE	738.7	2018-04-30 10:31:23	5
2018-04-26 00:00:00	PT60M	10Y1001A1001A39I	CTA	EE CTA	EE	729.1	2018-04-30 10:31:21	5
2018-04-26 01:00:00	PT60M	10Y1001A1001A39I	CTA	EE CTA	EE	736.7	2018-04-30 10:31:21	5
2018-04-26 02:00:00	PT60M	10Y1001A1001A39I	CTA	EE CTA	EE	745.2	2018-04-30 10:31:21	5
2018-04-26 03:00:00	PT60M	10Y1001A1001A39I	CTA	EE CTA	EE	854.0	2018-04-30 10:31:21	5
2018-04-26 04:00:00	PT60M	10Y1001A1001A39I	CTA	EE CTA	EE	977.3	2018-04-30 10:31:21	5
2018-04-26 05:00:00	PT60M	10Y1001A1001A39I	CTA	EE CTA	EE	1094.8	2018-04-30 10:31:21	5
2018-04-26 06:00:00	PT60M	10Y1001A1001A39I	CTA	EE CTA	EE	1128.9	2018-04-30 10:31:21	5
2018-04-26 07:00:00	PT60M	10Y1001A1001A39I	CTA	EE CTA	EE	1120.2	2018-04-30 10:31:21	5
2018-04-26 08:00:00	PT60M	10Y1001A1001A39I	CTA	EE CTA	EE	1116.8	2018-04-30 10:31:21	5
2018-04-26 09:00:00	PT60M	10Y1001A1001A39I	CTA	EE CTA	EE	1091.6	2018-04-30 10:31:21	5
2018-04-26 10:00:00	PT60M	10Y1001A1001A39I	CTA	EE CTA	EE	1109.1	2018-04-30 10:31:21	5
2018-04-26 11:00:00	PT60M	10Y1001A1001A39I	CTA	EE CTA	EE	1091.7	2018-04-30 10:31:21	5
2018-04-26 12:00:00	PT60M	10Y1001A1001A39I	CTA	EE CTA	EE	1077.3	2018-04-30 10:31:21	5
2018-04-26 13:00:00	PT60M	10Y1001A1001A39I	CTA	EE CTA	EE	1042.8	2018-04-30 10:31:21	5
2018-04-26 14:00:00	PT60M	10Y1001A1001A39I	CTA	EE CTA	EE	1024.8	2018-04-30 10:31:21	5
2018-04-26 15:00:00	PT60M	10Y1001A1001A39I	CTA	EE CTA	EE	1006.2	2018-04-30 10:31:21	5
2018-04-26 16:00:00	PT60M	10Y1001A1001A39I	CTA	EE CTA	EE	993.1	2018-04-30 10:31:21	5
2018-04-26 17:00:00	PT60M	10Y1001A1001A39I	CTA	EE CTA	EE	980.0	2018-04-30 10:31:21	5
2018-04-26 18:00:00	PT60M	10Y1001A1001A39I	CTA	EE CTA	EE	997.1	2018-04-30 10:31:21	5
2018-04-26 19:00:00	PT60M	10Y1001A1001A39I	CTA	EE CTA	EE	949.2	2018-04-30 10:31:21	5
2018-04-26 20:00:00	PT60M	10Y1001A1001A39I	CTA	EE CTA	EE	861.9	2018-04-30 10:31:21	5
2018-04-26 21:00:00	PT60M	10Y1001A1001A39I	CTA	EE CTA	EE	798.7	2018-04-30 10:31:21	5
2018-04-26 22:00:00	PT60M	10Y1001A1001A39I	CTA	EE CTA	EE	762.4	2018-04-30 10:31:21	5
2018-04-26 23:00:00	PT60M	10Y1001A1001A39I	CTA	EE CTA	EE	744.0	2018-04-27 11:46:11	5
2018-04-27 00:00:00	PT60M	10Y1001A1001A39I	CTA	EE CTA	EE	735.4	2018-04-27 11:46:11	5
2018-04-27 01:00:00	PT60M	10Y1001A1001A39I	CTA	EE CTA	EE	743.3	2018-04-27 11:46:11	5
2018-04-27 02:00:00	PT60M	10Y1001A1001A39I	CTA	EE CTA	EE	749.5	2018-04-27 11:31:18	5
2018-04-27 03:00:00	PT60M	10Y1001A1001A39I	CTA	EE CTA	EE	853.4	2018-04-27 11:31:18	5
2018-04-27 04:00:00	PT60M	10Y1001A1001A39I	CTA	EE CTA	EE	971.7	2018-04-27 11:31:18	5
2018-04-27 05:00:00	PT60M	10Y1001A1001A39I	CTA	EE CTA	EE	1084.8	2018-04-27 11:01:40	5
2018-04-27 06:00:00	PT60M	10Y1001A1001A39I	CTA	EE CTA	EE	1113.7	2018-04-27 11:01:40	5
2018-04-27 07:00:00	PT60M	10Y1001A1001A39I	CTA	EE CTA	EE	1115.3	2018-04-27 11:16:07	5
2018-04-27 08:00:00	PT60M	10Y1001A1001A39I	CTA	EE CTA	EE	1106.5	2018-04-27 11:46:11	5
2018-04-27 09:00:00	PT60M	10Y1001A1001A39I	CTA	EE CTA	EE	1089.9	2018-04-27 12:46:08	5
2018-04-27 10:00:00	PT60M	10Y1001A1001A39I	CTA	EE CTA	EE	1118.5	2018-04-27 13:46:14	5
2018-04-27 11:00:00	PT60M	10Y1001A1001A39I	CTA	EE CTA	EE	1104.2	2018-04-27 16:01:12	5
2018-04-27 12:00:00	PT60M	10Y1001A1001A39I	CTA	EE CTA	EE	1078.0	2018-04-27 16:31:27	5
2018-04-27 13:00:00	PT60M	10Y1001A1001A39I	CTA	EE CTA	EE	1045.0	2018-04-27 16:46:14	5
2018-04-27 14:00:00	PT60M	10Y1001A1001A39I	CTA	EE CTA	EE	1018.5	2018-04-27 17:46:09	5
2018-04-27 15:00:00	PT60M	10Y1001A1001A39I	CTA	EE CTA	EE	997.2	2018-04-27 18:46:09	5
2018-04-27 16:00:00	PT60M	10Y1001A1001A39I	CTA	EE CTA	EE	972.7	2018-04-27 19:46:06	5
2018-04-27 17:00:00	PT60M	10Y1001A1001A39I	CTA	EE CTA	EE	959.7	2018-04-27 20:46:07	5
2018-04-27 18:00:00	PT60M	10Y1001A1001A39I	CTA	EE CTA	EE	977.8	2018-04-27 21:46:06	5
2018-04-27 19:00:00	PT60M	10Y1001A1001A39I	CTA	EE CTA	EE	946.0	2018-04-27 22:46:08	5
2018-04-27 20:00:00	PT60M	10Y1001A1001A39I	CTA	EE CTA	EE	855.1	2018-04-27 23:46:06	5
2018-04-27 21:00:00	PT60M	10Y1001A1001A39I	CTA	EE CTA	EE	795.8	2018-04-28 00:46:05	5
2018-04-27 22:00:00	PT60M	10Y1001A1001A39I	CTA	EE CTA	EE	749.2	2018-04-28 01:46:07	5
2018-04-27 23:00:00	PT60M	10Y1001A1001A39I	CTA	EE CTA	EE	738.9	2018-04-28 02:46:06	5
2018-04-28 00:00:00	PT60M	10Y1001A1001A39I	CTA	EE CTA	EE	720.4	2018-04-30 10:31:20	5
2018-04-28 01:00:00	PT60M	10Y1001A1001A39I	CTA	EE CTA	EE	717.8	2018-04-28 04:46:07	5
2018-04-28 02:00:00	PT60M	10Y1001A1001A39I	CTA	EE CTA	EE	702.6	2018-04-28 05:46:05	5
2018-04-28 03:00:00	PT60M	10Y1001A1001A39I	CTA	EE CTA	EE	728.3	2018-04-28 06:46:15	5
2018-04-28 04:00:00	PT60M	10Y1001A1001A39I	CTA	EE CTA	EE	786.2	2018-04-28 07:46:09	5
2018-04-28 05:00:00	PT60M	10Y1001A1001A39I	CTA	EE CTA	EE	864.1	2018-04-28 08:46:10	5
2018-04-28 06:00:00	PT60M	10Y1001A1001A39I	CTA	EE CTA	EE	924.1	2018-04-28 09:46:11	5
2018-04-28 07:00:00	PT60M	10Y1001A1001A39I	CTA	EE CTA	EE	948.3	2018-04-28 10:46:08	5
2018-04-28 08:00:00	PT60M	10Y1001A1001A39I	CTA	EE CTA	EE	941.9	2018-04-28 11:46:08	5
2018-04-28 09:00:00	PT60M	10Y1001A1001A39I	CTA	EE CTA	EE	926.9	2018-04-28 12:46:02	5
2018-04-28 10:00:00	PT60M	10Y1001A1001A39I	CTA	EE CTA	EE	907.4	2018-04-28 13:46:06	5
2018-04-28 11:00:00	PT60M	10Y1001A1001A39I	CTA	EE CTA	EE	881.7	2018-04-28 15:01:09	5
2018-04-28 12:00:00	PT60M	10Y1001A1001A39I	CTA	EE CTA	EE	859.9	2018-04-28 15:46:06	5
2018-04-28 13:00:00	PT60M	10Y1001A1001A39I	CTA	EE CTA	EE	843.3	2018-04-28 16:46:09	5
2018-04-28 14:00:00	PT60M	10Y1001A1001A39I	CTA	EE CTA	EE	840.7	2018-04-28 17:46:11	5
2018-04-28 15:00:00	PT60M	10Y1001A1001A39I	CTA	EE CTA	EE	835.4	2018-04-28 18:46:05	5
2018-04-28 16:00:00	PT60M	10Y1001A1001A39I	CTA	EE CTA	EE	834.4	2018-04-28 19:46:07	5
2018-04-28 17:00:00	PT60M	10Y1001A1001A39I	CTA	EE CTA	EE	828.0	2018-04-28 20:46:09	5
2018-04-28 18:00:00	PT60M	10Y1001A1001A39I	CTA	EE CTA	EE	864.1	2018-04-28 21:46:09	5
2018-04-28 19:00:00	PT60M	10Y1001A1001A39I	CTA	EE CTA	EE	831.5	2018-04-28 22:46:10	5
2018-04-28 20:00:00	PT60M	10Y1001A1001A39I	CTA	EE CTA	EE	759.3	2018-04-28 23:46:13	5
2018-04-28 21:00:00	PT60M	10Y1001A1001A39I	CTA	EE CTA	EE	714.0	2018-04-29 00:46:10	5
2018-04-28 22:00:00	PT60M	10Y1001A1001A39I	CTA	EE CTA	EE	681.6	2018-04-29 01:46:05	5
2018-04-28 23:00:00	PT60M	10Y1001A1001A39I	CTA	EE CTA	EE	678.5	2018-04-29 02:46:09	5
2018-04-29 00:00:00	PT60M	10Y1001A1001A39I	CTA	EE CTA	EE	659.2	2018-04-30 10:31:19	5
2018-04-29 01:00:00	PT60M	10Y1001A1001A39I	CTA	EE CTA	EE	648.5	2018-04-29 04:46:03	5
2018-04-29 02:00:00	PT60M	10Y1001A1001A39I	CTA	EE CTA	EE	625.4	2018-04-29 05:46:10	5
2018-04-29 03:00:00	PT60M	10Y1001A1001A39I	CTA	EE CTA	EE	642.8	2018-04-29 06:46:07	5
2018-04-29 04:00:00	PT60M	10Y1001A1001A39I	CTA	EE CTA	EE	679.9	2018-04-29 07:46:06	5
2018-04-29 05:00:00	PT60M	10Y1001A1001A39I	CTA	EE CTA	EE	743.8	2018-04-29 08:46:05	5
2018-04-29 06:00:00	PT60M	10Y1001A1001A39I	CTA	EE CTA	EE	811.6	2018-04-29 09:46:17	5
2018-04-29 07:00:00	PT60M	10Y1001A1001A39I	CTA	EE CTA	EE	847.4	2018-04-29 10:46:07	5
2018-04-29 08:00:00	PT60M	10Y1001A1001A39I	CTA	EE CTA	EE	849.4	2018-04-29 11:46:20	5
2018-04-29 09:00:00	PT60M	10Y1001A1001A39I	CTA	EE CTA	EE	843.8	2018-04-29 12:46:07	5
2018-04-29 10:00:00	PT60M	10Y1001A1001A39I	CTA	EE CTA	EE	850.7	2018-04-29 13:46:09	5
2018-04-29 11:00:00	PT60M	10Y1001A1001A39I	CTA	EE CTA	EE	862.4	2018-04-29 14:46:06	5
2018-04-29 12:00:00	PT60M	10Y1001A1001A39I	CTA	EE CTA	EE	863.2	2018-04-29 15:46:13	5
2018-04-29 13:00:00	PT60M	10Y1001A1001A39I	CTA	EE CTA	EE	857.7	2018-04-29 16:46:02	5
2018-04-29 14:00:00	PT60M	10Y1001A1001A39I	CTA	EE CTA	EE	861.7	2018-04-29 17:46:08	5
2018-04-29 15:00:00	PT60M	10Y1001A1001A39I	CTA	EE CTA	EE	865.1	2018-04-29 18:46:11	5
2018-04-29 16:00:00	PT60M	10Y1001A1001A39I	CTA	EE CTA	EE	873.5	2018-04-29 19:46:06	5
2018-04-29 17:00:00	PT60M	10Y1001A1001A39I	CTA	EE CTA	EE	867.1	2018-04-29 20:46:10	5
2018-04-29 18:00:00	PT60M	10Y1001A1001A39I	CTA	EE CTA	EE	884.0	2018-04-29 21:46:07	5
2018-04-29 19:00:00	PT60M	10Y1001A1001A39I	CTA	EE CTA	EE	852.8	2018-04-29 22:46:09	5
2018-04-29 20:00:00	PT60M	10Y1001A1001A39I	CTA	EE CTA	EE	770.9	2018-04-29 23:46:02	5
2018-04-29 21:00:00	PT60M	10Y1001A1001A39I	CTA	EE CTA	EE	712.9	2018-04-30 00:46:03	5
2018-04-29 22:00:00	PT60M	10Y1001A1001A39I	CTA	EE CTA	EE	692.9	2018-04-30 01:46:02	5
2018-04-29 23:00:00	PT60M	10Y1001A1001A39I	CTA	EE CTA	EE	682.9	2018-04-30 02:46:04	5
2018-04-30 00:00:00	PT60M	10Y1001A1001A39I	CTA	EE CTA	EE	671.2	2018-04-30 10:31:19	6
2018-04-30 01:00:00	PT60M	10Y1001A1001A39I	CTA	EE CTA	EE	674.8	2018-04-30 04:46:01	6
2018-04-30 02:00:00	PT60M	10Y1001A1001A39I	CTA	EE CTA	EE	674.0	2018-04-30 05:45:58	6
2018-04-30 03:00:00	PT60M	10Y1001A1001A39I	CTA	EE CTA	EE	749.6	2018-04-30 06:45:58	6
2018-04-30 04:00:00	PT60M	10Y1001A1001A39I	CTA	EE CTA	EE	869.0	2018-04-30 07:46:03	6
2018-04-30 05:00:00	PT60M	10Y1001A1001A39I	CTA	EE CTA	EE	978.5	2018-04-30 08:46:08	6
2018-04-30 06:00:00	PT60M	10Y1001A1001A39I	CTA	EE CTA	EE	1029.7	2018-04-30 09:46:16	6
2018-04-30 07:00:00	PT60M	10Y1001A1001A39I	CTA	EE CTA	EE	1031.3	2018-04-30 10:46:14	6
2018-04-30 08:00:00	PT60M	10Y1001A1001A39I	CTA	EE CTA	EE	1019.1	2018-04-30 11:46:12	6
2018-04-30 09:00:00	PT60M	10Y1001A1001A39I	CTA	EE CTA	EE	1004.4	2018-04-30 12:46:11	6
2018-04-30 10:00:00	PT60M	10Y1001A1001A39I	CTA	EE CTA	EE	1011.3	2018-04-30 13:46:06	6
2018-04-30 11:00:00	PT60M	10Y1001A1001A39I	CTA	EE CTA	EE	994.4	2018-04-30 15:01:08	6
2018-04-30 12:00:00	PT60M	10Y1001A1001A39I	CTA	EE CTA	EE	968.3	2018-04-30 15:46:19	6
2018-04-30 13:00:00	PT60M	10Y1001A1001A39I	CTA	EE CTA	EE	938.3	2018-04-30 16:45:59	6
2018-04-30 14:00:00	PT60M	10Y1001A1001A39I	CTA	EE CTA	EE	911.0	2018-04-30 17:46:06	6
2018-04-30 15:00:00	PT60M	10Y1001A1001A39I	CTA	EE CTA	EE	904.3	2018-04-30 18:46:03	6
2018-04-30 16:00:00	PT60M	10Y1001A1001A39I	CTA	EE CTA	EE	889.8	2018-04-30 19:46:06	6
2018-04-30 17:00:00	PT60M	10Y1001A1001A39I	CTA	EE CTA	EE	874.5	2018-04-30 20:46:04	6
2018-04-30 18:00:00	PT60M	10Y1001A1001A39I	CTA	EE CTA	EE	893.3	2018-04-30 21:46:01	6
2018-04-30 19:00:00	PT60M	10Y1001A1001A39I	CTA	EE CTA	EE	866.1	2018-04-30 22:46:07	6
2018-04-30 20:00:00	PT60M	10Y1001A1001A39I	CTA	EE CTA	EE	783.1	2018-04-30 23:46:11	6
2018-04-30 21:00:00	PT60M	10Y1001A1001A39I	CTA	EE CTA	EE	737.0	2018-05-01 00:46:06	6
2018-04-30 22:00:00	PT60M	10Y1001A1001A39I	CTA	EE CTA	EE	695.7	2018-05-01 01:46:05	6
2018-04-30 23:00:00	PT60M	10Y1001A1001A39I	CTA	EE CTA	EE	679.0	2018-05-01 02:46:02	6
