DateTime	ResolutionCode	AreaCode	AreaTypeCode	AreaName	MapCode	TotalLoadValue	UpdateTime
2018-03-01 00:00:00	PT60M	10Y1001A1001A39I	CTA	EE CTA	EE	1117.6	2018-03-01 02:46:27
2018-03-01 01:00:00	PT60M	10Y1001A1001A39I	CTA	EE CTA	EE	1113.3	2018-03-01 03:46:29
2018-03-01 02:00:00	PT60M	10Y1001A1001A39I	CTA	EE CTA	EE	1122.6	2018-03-01 04:46:32
2018-03-01 03:00:00	PT60M	10Y1001A1001A39I	CTA	EE CTA	EE	1157.8	2018-03-01 05:46:29
2018-03-01 04:00:00	PT60M	10Y1001A1001A39I	CTA	EE CTA	EE	1281.6	2018-03-01 06:46:33
2018-03-01 05:00:00	PT60M	10Y1001A1001A39I	CTA	EE CTA	EE	1384.3	2018-03-01 07:46:31
2018-03-01 06:00:00	PT60M	10Y1001A1001A39I	CTA	EE CTA	EE	1495.8	2018-03-01 08:46:34
2018-03-01 07:00:00	PT60M	10Y1001A1001A39I	CTA	EE CTA	EE	1531.7	2018-03-01 09:46:39
2018-03-01 08:00:00	PT60M	10Y1001A1001A39I	CTA	EE CTA	EE	1507.0	2018-03-01 10:46:32
2018-03-01 09:00:00	PT60M	10Y1001A1001A39I	CTA	EE CTA	EE	1481.4	2018-03-01 11:46:29
2018-03-01 10:00:00	PT60M	10Y1001A1001A39I	CTA	EE CTA	EE	1448.0	2018-03-01 12:46:40
2018-03-01 11:00:00	PT60M	10Y1001A1001A39I	CTA	EE CTA	EE	1440.0	2018-03-01 13:46:34
2018-03-01 12:00:00	PT60M	10Y1001A1001A39I	CTA	EE CTA	EE	1407.1	2018-03-01 14:46:28
2018-03-01 13:00:00	PT60M	10Y1001A1001A39I	CTA	EE CTA	EE	1396.9	2018-03-01 15:46:43
2018-03-01 14:00:00	PT60M	10Y1001A1001A39I	CTA	EE CTA	EE	1385.1	2018-03-01 16:46:39
2018-03-01 15:00:00	PT60M	10Y1001A1001A39I	CTA	EE CTA	EE	1388.4	2018-03-01 17:46:34
2018-03-01 16:00:00	PT60M	10Y1001A1001A39I	CTA	EE CTA	EE	1453.5	2018-03-01 18:46:38
2018-03-01 17:00:00	PT60M	10Y1001A1001A39I	CTA	EE CTA	EE	1450.2	2018-03-01 19:46:33
2018-03-01 18:00:00	PT60M	10Y1001A1001A39I	CTA	EE CTA	EE	1400.4	2018-03-01 20:46:31
2018-03-01 19:00:00	PT60M	10Y1001A1001A39I	CTA	EE CTA	EE	1344.2	2018-03-01 21:46:22
2018-03-01 20:00:00	PT60M	10Y1001A1001A39I	CTA	EE CTA	EE	1261.9	2018-03-01 22:46:31
2018-03-01 21:00:00	PT60M	10Y1001A1001A39I	CTA	EE CTA	EE	1189.7	2018-03-01 23:46:35
2018-03-01 22:00:00	PT60M	10Y1001A1001A39I	CTA	EE CTA	EE	1133.3	2018-03-02 00:46:29
2018-03-01 23:00:00	PT60M	10Y1001A1001A39I	CTA	EE CTA	EE	1097.4	2018-03-02 01:46:27
2018-03-02 00:00:00	PT60M	10Y1001A1001A39I	CTA	EE CTA	EE	1082.5	2018-03-02 02:46:24
2018-03-02 01:00:00	PT60M	10Y1001A1001A39I	CTA	EE CTA	EE	1076.2	2018-03-02 03:46:31
2018-03-02 02:00:00	PT60M	10Y1001A1001A39I	CTA	EE CTA	EE	1081.6	2018-03-02 04:46:28
2018-03-02 03:00:00	PT60M	10Y1001A1001A39I	CTA	EE CTA	EE	1124.5	2018-03-02 05:46:27
2018-03-02 04:00:00	PT60M	10Y1001A1001A39I	CTA	EE CTA	EE	1239.8	2018-03-02 06:46:29
2018-03-02 05:00:00	PT60M	10Y1001A1001A39I	CTA	EE CTA	EE	1326.4	2018-03-02 07:46:31
2018-03-02 06:00:00	PT60M	10Y1001A1001A39I	CTA	EE CTA	EE	1429.7	2018-03-02 08:46:33
2018-03-02 07:00:00	PT60M	10Y1001A1001A39I	CTA	EE CTA	EE	1467.5	2018-03-02 09:46:42
2018-03-02 08:00:00	PT60M	10Y1001A1001A39I	CTA	EE CTA	EE	1455.5	2018-03-02 10:46:39
2018-03-02 09:00:00	PT60M	10Y1001A1001A39I	CTA	EE CTA	EE	1426.4	2018-03-02 11:46:28
2018-03-02 10:00:00	PT60M	10Y1001A1001A39I	CTA	EE CTA	EE	1399.8	2018-03-02 12:46:36
2018-03-02 11:00:00	PT60M	10Y1001A1001A39I	CTA	EE CTA	EE	1398.4	2018-03-02 13:46:34
2018-03-02 12:00:00	PT60M	10Y1001A1001A39I	CTA	EE CTA	EE	1366.5	2018-03-02 14:46:33
2018-03-02 13:00:00	PT60M	10Y1001A1001A39I	CTA	EE CTA	EE	1351.5	2018-03-02 15:46:36
2018-03-02 14:00:00	PT60M	10Y1001A1001A39I	CTA	EE CTA	EE	1329.7	2018-03-02 16:46:46
2018-03-02 15:00:00	PT60M	10Y1001A1001A39I	CTA	EE CTA	EE	1328.3	2018-03-02 17:46:38
2018-03-02 16:00:00	PT60M	10Y1001A1001A39I	CTA	EE CTA	EE	1383.4	2018-03-02 18:46:45
2018-03-02 17:00:00	PT60M	10Y1001A1001A39I	CTA	EE CTA	EE	1374.5	2018-03-02 19:46:33
2018-03-02 18:00:00	PT60M	10Y1001A1001A39I	CTA	EE CTA	EE	1333.4	2018-03-02 20:46:27
2018-03-02 19:00:00	PT60M	10Y1001A1001A39I	CTA	EE CTA	EE	1275.8	2018-03-02 21:46:42
2018-03-02 20:00:00	PT60M	10Y1001A1001A39I	CTA	EE CTA	EE	1183.9	2018-03-02 22:46:45
2018-03-02 21:00:00	PT60M	10Y1001A1001A39I	CTA	EE CTA	EE	1102.3	2018-03-02 23:46:29
2018-03-02 22:00:00	PT60M	10Y1001A1001A39I	CTA	EE CTA	EE	1045.5	2018-03-03 00:46:26
2018-03-02 23:00:00	PT60M	10Y1001A1001A39I	CTA	EE CTA	EE	1011.3	2018-03-03 01:46:25
2018-03-03 00:00:00	PT60M	10Y1001A1001A39I	CTA	EE CTA	EE	987.1	2018-03-03 02:46:34
2018-03-03 01:00:00	PT60M	10Y1001A1001A39I	CTA	EE CTA	EE	979.7	2018-03-03 03:46:32
2018-03-03 02:00:00	PT60M	10Y1001A1001A39I	CTA	EE CTA	EE	979.2	2018-03-03 04:46:24
2018-03-03 03:00:00	PT60M	10Y1001A1001A39I	CTA	EE CTA	EE	991.8	2018-03-03 05:46:21
2018-03-03 04:00:00	PT60M	10Y1001A1001A39I	CTA	EE CTA	EE	1033.3	2018-03-03 06:46:25
2018-03-03 05:00:00	PT60M	10Y1001A1001A39I	CTA	EE CTA	EE	1061.5	2018-03-03 07:46:25
2018-03-03 06:00:00	PT60M	10Y1001A1001A39I	CTA	EE CTA	EE	1138.6	2018-03-03 08:46:28
2018-03-03 07:00:00	PT60M	10Y1001A1001A39I	CTA	EE CTA	EE	1198.7	2018-03-03 09:46:33
2018-03-03 08:00:00	PT60M	10Y1001A1001A39I	CTA	EE CTA	EE	1217.1	2018-03-03 10:46:24
2018-03-03 09:00:00	PT60M	10Y1001A1001A39I	CTA	EE CTA	EE	1205.8	2018-03-03 11:46:20
2018-03-03 10:00:00	PT60M	10Y1001A1001A39I	CTA	EE CTA	EE	1175.7	2018-03-03 12:46:27
2018-03-03 11:00:00	PT60M	10Y1001A1001A39I	CTA	EE CTA	EE	1156.2	2018-03-03 13:46:27
2018-03-03 12:00:00	PT60M	10Y1001A1001A39I	CTA	EE CTA	EE	1140.3	2018-03-03 14:46:25
2018-03-03 13:00:00	PT60M	10Y1001A1001A39I	CTA	EE CTA	EE	1128.4	2018-03-03 15:46:32
2018-03-03 14:00:00	PT60M	10Y1001A1001A39I	CTA	EE CTA	EE	1137.7	2018-03-03 16:46:33
2018-03-03 15:00:00	PT60M	10Y1001A1001A39I	CTA	EE CTA	EE	1170.1	2018-03-03 17:46:32
2018-03-03 16:00:00	PT60M	10Y1001A1001A39I	CTA	EE CTA	EE	1243.6	2018-03-03 18:46:35
2018-03-03 17:00:00	PT60M	10Y1001A1001A39I	CTA	EE CTA	EE	1245.9	2018-03-03 19:46:24
2018-03-03 18:00:00	PT60M	10Y1001A1001A39I	CTA	EE CTA	EE	1204.2	2018-03-03 20:46:27
2018-03-03 19:00:00	PT60M	10Y1001A1001A39I	CTA	EE CTA	EE	1166.8	2018-03-03 21:46:24
2018-03-03 20:00:00	PT60M	10Y1001A1001A39I	CTA	EE CTA	EE	1106.4	2018-03-03 22:46:28
2018-03-03 21:00:00	PT60M	10Y1001A1001A39I	CTA	EE CTA	EE	1057.1	2018-03-03 23:46:37
2018-03-03 22:00:00	PT60M	10Y1001A1001A39I	CTA	EE CTA	EE	1015.3	2018-03-04 00:46:31
2018-03-03 23:00:00	PT60M	10Y1001A1001A39I	CTA	EE CTA	EE	988.4	2018-03-04 01:46:25
2018-03-04 00:00:00	PT60M	10Y1001A1001A39I	CTA	EE CTA	EE	987.0	2018-03-04 02:46:29
2018-03-04 01:00:00	PT60M	10Y1001A1001A39I	CTA	EE CTA	EE	985.9	2018-03-04 03:46:27
2018-03-04 02:00:00	PT60M	10Y1001A1001A39I	CTA	EE CTA	EE	994.8	2018-03-04 04:46:29
2018-03-04 03:00:00	PT60M	10Y1001A1001A39I	CTA	EE CTA	EE	1017.4	2018-03-04 05:46:29
2018-03-04 04:00:00	PT60M	10Y1001A1001A39I	CTA	EE CTA	EE	1049.0	2018-03-04 06:46:30
2018-03-04 05:00:00	PT60M	10Y1001A1001A39I	CTA	EE CTA	EE	1060.9	2018-03-04 07:46:35
2018-03-04 06:00:00	PT60M	10Y1001A1001A39I	CTA	EE CTA	EE	1122.9	2018-03-04 08:46:33
2018-03-04 07:00:00	PT60M	10Y1001A1001A39I	CTA	EE CTA	EE	1187.6	2018-03-04 09:46:37
2018-03-04 08:00:00	PT60M	10Y1001A1001A39I	CTA	EE CTA	EE	1183.0	2018-03-04 10:46:36
2018-03-04 09:00:00	PT60M	10Y1001A1001A39I	CTA	EE CTA	EE	1155.7	2018-03-04 11:46:30
2018-03-04 10:00:00	PT60M	10Y1001A1001A39I	CTA	EE CTA	EE	1142.1	2018-03-04 12:46:31
2018-03-04 11:00:00	PT60M	10Y1001A1001A39I	CTA	EE CTA	EE	1123.2	2018-03-04 13:46:34
2018-03-04 12:00:00	PT60M	10Y1001A1001A39I	CTA	EE CTA	EE	1110.9	2018-03-04 14:46:37
2018-03-04 13:00:00	PT60M	10Y1001A1001A39I	CTA	EE CTA	EE	1113.1	2018-03-04 15:46:30
2018-03-04 14:00:00	PT60M	10Y1001A1001A39I	CTA	EE CTA	EE	1126.3	2018-03-04 16:46:23
2018-03-04 15:00:00	PT60M	10Y1001A1001A39I	CTA	EE CTA	EE	1164.8	2018-03-04 17:46:29
2018-03-04 16:00:00	PT60M	10Y1001A1001A39I	CTA	EE CTA	EE	1261.9	2018-03-04 18:46:34
2018-03-04 17:00:00	PT60M	10Y1001A1001A39I	CTA	EE CTA	EE	1282.2	2018-03-04 19:46:27
2018-03-04 18:00:00	PT60M	10Y1001A1001A39I	CTA	EE CTA	EE	1249.0	2018-03-04 20:46:31
2018-03-04 19:00:00	PT60M	10Y1001A1001A39I	CTA	EE CTA	EE	1202.2	2018-03-04 21:46:26
2018-03-04 20:00:00	PT60M	10Y1001A1001A39I	CTA	EE CTA	EE	1128.7	2018-03-04 22:46:27
2018-03-04 21:00:00	PT60M	10Y1001A1001A39I	CTA	EE CTA	EE	1071.1	2018-03-04 23:46:31
2018-03-04 22:00:00	PT60M	10Y1001A1001A39I	CTA	EE CTA	EE	1032.5	2018-03-05 00:46:27
2018-03-04 23:00:00	PT60M	10Y1001A1001A39I	CTA	EE CTA	EE	1013.5	2018-03-05 01:46:29
2018-03-05 00:00:00	PT60M	10Y1001A1001A39I	CTA	EE CTA	EE	1010.0	2018-03-05 02:46:35
2018-03-05 01:00:00	PT60M	10Y1001A1001A39I	CTA	EE CTA	EE	1013.4	2018-03-05 03:46:33
2018-03-05 02:00:00	PT60M	10Y1001A1001A39I	CTA	EE CTA	EE	1031.0	2018-03-05 04:46:30
2018-03-05 03:00:00	PT60M	10Y1001A1001A39I	CTA	EE CTA	EE	1081.1	2018-03-05 05:46:30
2018-03-05 04:00:00	PT60M	10Y1001A1001A39I	CTA	EE CTA	EE	1188.2	2018-03-05 06:46:34
2018-03-05 05:00:00	PT60M	10Y1001A1001A39I	CTA	EE CTA	EE	1319.4	2018-03-05 07:46:32
2018-03-05 06:00:00	PT60M	10Y1001A1001A39I	CTA	EE CTA	EE	1421.7	2018-03-05 08:46:35
2018-03-05 07:00:00	PT60M	10Y1001A1001A39I	CTA	EE CTA	EE	1437.5	2018-03-05 09:46:39
2018-03-05 08:00:00	PT60M	10Y1001A1001A39I	CTA	EE CTA	EE	1419.1	2018-03-05 10:46:38
2018-03-05 09:00:00	PT60M	10Y1001A1001A39I	CTA	EE CTA	EE	1385.7	2018-03-05 11:46:42
2018-03-05 10:00:00	PT60M	10Y1001A1001A39I	CTA	EE CTA	EE	1337.8	2018-03-05 12:46:32
2018-03-05 11:00:00	PT60M	10Y1001A1001A39I	CTA	EE CTA	EE	1352.3	2018-03-05 13:46:42
2018-03-05 12:00:00.000000	PT60M	10Y1001A1001A39I	CTA	EE CTA	EE		2022-01-03 14:39:35.234918
2018-03-05 13:00:00	PT60M	10Y1001A1001A39I	CTA	EE CTA	EE	1330.0	2018-03-05 15:46:38
2018-03-05 14:00:00	PT60M	10Y1001A1001A39I	CTA	EE CTA	EE	1312.2	2018-03-05 16:46:35
2018-03-05 15:00:00	PT60M	10Y1001A1001A39I	CTA	EE CTA	EE	1292.4	2018-03-05 17:46:37
2018-03-05 16:00:00	PT60M	10Y1001A1001A39I	CTA	EE CTA	EE	1355.7	2018-03-05 18:46:34
2018-03-05 17:00:00	PT60M	10Y1001A1001A39I	CTA	EE CTA	EE	1365.2	2018-03-05 19:46:32
2018-03-05 18:00:00	PT60M	10Y1001A1001A39I	CTA	EE CTA	EE	1319.9	2018-03-05 20:46:32
2018-03-05 19:00:00	PT60M	10Y1001A1001A39I	CTA	EE CTA	EE	1270.7	2018-03-05 21:46:34
2018-03-05 20:00:00	PT60M	10Y1001A1001A39I	CTA	EE CTA	EE	1183.6	2018-03-05 22:46:30
2018-03-05 21:00:00	PT60M	10Y1001A1001A39I	CTA	EE CTA	EE	1095.3	2018-03-05 23:46:40
2018-03-05 22:00:00	PT60M	10Y1001A1001A39I	CTA	EE CTA	EE	1048.9	2018-03-06 00:46:33
2018-03-05 23:00:00	PT60M	10Y1001A1001A39I	CTA	EE CTA	EE	1019.5	2018-03-06 01:46:31
2018-03-06 00:00:00	PT60M	10Y1001A1001A39I	CTA	EE CTA	EE	1009.1	2018-03-06 02:46:33
2018-03-06 01:00:00	PT60M	10Y1001A1001A39I	CTA	EE CTA	EE	1002.6	2018-03-06 03:46:28
2018-03-06 02:00:00	PT60M	10Y1001A1001A39I	CTA	EE CTA	EE	1013.4	2018-03-06 04:46:35
2018-03-06 03:00:00	PT60M	10Y1001A1001A39I	CTA	EE CTA	EE	1052.8	2018-03-06 05:46:27
2018-03-06 04:00:00	PT60M	10Y1001A1001A39I	CTA	EE CTA	EE	1175.3	2018-03-06 06:46:32
2018-03-06 05:00:00	PT60M	10Y1001A1001A39I	CTA	EE CTA	EE	1286.4	2018-03-06 07:46:42
2018-03-06 06:00:00	PT60M	10Y1001A1001A39I	CTA	EE CTA	EE	1384.8	2018-03-06 08:46:49
2018-03-06 07:00:00	PT60M	10Y1001A1001A39I	CTA	EE CTA	EE	1421.2	2018-03-06 09:46:46
2018-03-06 08:00:00	PT60M	10Y1001A1001A39I	CTA	EE CTA	EE	1403.8	2018-03-06 10:46:33
2018-03-06 09:00:00	PT60M	10Y1001A1001A39I	CTA	EE CTA	EE	1383.9	2018-03-06 11:46:31
2018-03-06 10:00:00	PT60M	10Y1001A1001A39I	CTA	EE CTA	EE	1358.5	2018-03-06 12:46:38
2018-03-06 11:00:00	PT60M	10Y1001A1001A39I	CTA	EE CTA	EE	1368.8	2018-03-06 13:46:37
2018-03-06 12:00:00	PT60M	10Y1001A1001A39I	CTA	EE CTA	EE	1345.6	2018-03-06 14:46:57
2018-03-06 13:00:00	PT60M	10Y1001A1001A39I	CTA	EE CTA	EE	1333.1	2018-03-06 15:46:35
2018-03-06 14:00:00	PT60M	10Y1001A1001A39I	CTA	EE CTA	EE	1308.5	2018-03-06 16:46:34
2018-03-06 15:00:00	PT60M	10Y1001A1001A39I	CTA	EE CTA	EE	1302.5	2018-03-06 17:46:38
2018-03-06 16:00:00	PT60M	10Y1001A1001A39I	CTA	EE CTA	EE	1355.9	2018-03-06 18:46:37
2018-03-06 17:00:00	PT60M	10Y1001A1001A39I	CTA	EE CTA	EE	1360.0	2018-03-06 19:46:31
2018-03-06 18:00:00	PT60M	10Y1001A1001A39I	CTA	EE CTA	EE	1319.4	2018-03-06 20:46:39
2018-03-06 19:00:00	PT60M	10Y1001A1001A39I	CTA	EE CTA	EE	1268.3	2018-03-06 21:46:28
2018-03-06 20:00:00	PT60M	10Y1001A1001A39I	CTA	EE CTA	EE	1179.4	2018-03-06 22:46:36
2018-03-06 21:00:00	PT60M	10Y1001A1001A39I	CTA	EE CTA	EE	1085.7	2018-03-06 23:46:36
2018-03-06 22:00:00	PT60M	10Y1001A1001A39I	CTA	EE CTA	EE	1033.4	2018-03-07 00:46:37
2018-03-06 23:00:00	PT60M	10Y1001A1001A39I	CTA	EE CTA	EE	1004.1	2018-03-07 01:46:34
2018-03-07 00:00:00	PT60M	10Y1001A1001A39I	CTA	EE CTA	EE	994.0	2018-03-07 02:46:42
2018-03-07 01:00:00	PT60M	10Y1001A1001A39I	CTA	EE CTA	EE	995.5	2018-03-07 03:46:35
2018-03-07 02:00:00	PT60M	10Y1001A1001A39I	CTA	EE CTA	EE	1011.0	2018-03-07 04:46:41
2018-03-07 03:00:00	PT60M	10Y1001A1001A39I	CTA	EE CTA	EE	1050.7	2018-03-07 05:46:31
2018-03-07 04:00:00	PT60M	10Y1001A1001A39I	CTA	EE CTA	EE	1179.1	2018-03-07 06:46:32
2018-03-07 05:00:00	PT60M	10Y1001A1001A39I	CTA	EE CTA	EE	1298.0	2018-03-07 07:46:34
2018-03-07 06:00:00	PT60M	10Y1001A1001A39I	CTA	EE CTA	EE	1387.2	2018-03-07 08:46:46
2018-03-07 07:00:00	PT60M	10Y1001A1001A39I	CTA	EE CTA	EE	1404.9	2018-03-07 09:46:54
2018-03-07 08:00:00	PT60M	10Y1001A1001A39I	CTA	EE CTA	EE	1378.3	2018-03-07 10:46:39
2018-03-07 09:00:00	PT60M	10Y1001A1001A39I	CTA	EE CTA	EE	1351.2	2018-03-07 11:46:39
2018-03-07 10:00:00	PT60M	10Y1001A1001A39I	CTA	EE CTA	EE	1320.9	2018-03-07 12:46:34
2018-03-07 11:00:00	PT60M	10Y1001A1001A39I	CTA	EE CTA	EE	1328.8	2018-03-07 13:46:57
2018-03-07 12:00:00	PT60M	10Y1001A1001A39I	CTA	EE CTA	EE	1305.4	2018-03-07 14:47:07
2018-03-07 13:00:00	PT60M	10Y1001A1001A39I	CTA	EE CTA	EE	1299.9	2018-03-07 15:46:41
2018-03-07 14:00:00	PT60M	10Y1001A1001A39I	CTA	EE CTA	EE	1282.7	2018-03-07 16:46:38
2018-03-07 15:00:00	PT60M	10Y1001A1001A39I	CTA	EE CTA	EE	1268.1	2018-03-07 17:46:35
2018-03-07 16:00:00	PT60M	10Y1001A1001A39I	CTA	EE CTA	EE	1323.0	2018-03-07 18:46:38
2018-03-07 17:00:00	PT60M	10Y1001A1001A39I	CTA	EE CTA	EE	1346.1	2018-03-07 19:46:42
2018-03-07 18:00:00	PT60M	10Y1001A1001A39I	CTA	EE CTA	EE	1316.8	2018-03-07 20:46:36
2018-03-07 19:00:00	PT60M	10Y1001A1001A39I	CTA	EE CTA	EE	1258.4	2018-03-07 21:46:35
2018-03-07 20:00:00	PT60M	10Y1001A1001A39I	CTA	EE CTA	EE	1169.3	2018-03-07 22:46:32
2018-03-07 21:00:00	PT60M	10Y1001A1001A39I	CTA	EE CTA	EE	1086.4	2018-03-07 23:46:39
2018-03-07 22:00:00	PT60M	10Y1001A1001A39I	CTA	EE CTA	EE	1024.1	2018-03-08 00:46:31
2018-03-07 23:00:00	PT60M	10Y1001A1001A39I	CTA	EE CTA	EE	992.2	2018-03-08 01:46:34
2018-03-08 00:00:00	PT60M	10Y1001A1001A39I	CTA	EE CTA	EE	975.4	2018-03-08 02:46:31
2018-03-08 01:00:00	PT60M	10Y1001A1001A39I	CTA	EE CTA	EE	964.4	2018-03-08 03:46:28
2018-03-08 02:00:00	PT60M	10Y1001A1001A39I	CTA	EE CTA	EE	976.5	2018-03-08 04:46:33
2018-03-08 03:00:00	PT60M	10Y1001A1001A39I	CTA	EE CTA	EE	1011.7	2018-03-08 05:46:35
2018-03-08 04:00:00	PT60M	10Y1001A1001A39I	CTA	EE CTA	EE	1112.6	2018-03-08 06:46:33
2018-03-08 05:00:00	PT60M	10Y1001A1001A39I	CTA	EE CTA	EE	1233.5	2018-03-08 07:46:35
2018-03-08 06:00:00	PT60M	10Y1001A1001A39I	CTA	EE CTA	EE	1342.3	2018-03-08 08:46:41
2018-03-08 07:00:00	PT60M	10Y1001A1001A39I	CTA	EE CTA	EE	1410.2	2018-03-08 09:47:00
2018-03-08 08:00:00	PT60M	10Y1001A1001A39I	CTA	EE CTA	EE	1399.2	2018-03-08 10:46:41
2018-03-08 09:00:00	PT60M	10Y1001A1001A39I	CTA	EE CTA	EE	1389.8	2018-03-08 11:46:43
2018-03-08 10:00:00	PT60M	10Y1001A1001A39I	CTA	EE CTA	EE	1344.8	2018-03-08 12:46:33
2018-03-08 11:00:00	PT60M	10Y1001A1001A39I	CTA	EE CTA	EE	1365.5	2018-03-08 13:46:36
2018-03-08 12:00:00	PT60M	10Y1001A1001A39I	CTA	EE CTA	EE	1345.8	2018-03-08 14:46:57
2018-03-08 13:00:00	PT60M	10Y1001A1001A39I	CTA	EE CTA	EE	1343.0	2018-03-08 15:46:49
2018-03-08 14:00:00	PT60M	10Y1001A1001A39I	CTA	EE CTA	EE	1316.6	2018-03-08 16:46:48
2018-03-08 15:00:00	PT60M	10Y1001A1001A39I	CTA	EE CTA	EE	1315.1	2018-03-08 17:46:43
2018-03-08 16:00:00	PT60M	10Y1001A1001A39I	CTA	EE CTA	EE	1353.9	2018-03-08 18:46:36
2018-03-08 17:00:00	PT60M	10Y1001A1001A39I	CTA	EE CTA	EE	1356.1	2018-03-08 19:46:33
2018-03-08 18:00:00	PT60M	10Y1001A1001A39I	CTA	EE CTA	EE	1302.7	2018-03-08 20:46:26
2018-03-08 19:00:00	PT60M	10Y1001A1001A39I	CTA	EE CTA	EE	1239.5	2018-03-08 21:46:27
2018-03-08 20:00:00	PT60M	10Y1001A1001A39I	CTA	EE CTA	EE	1157.5	2018-03-08 22:46:40
2018-03-08 21:00:00	PT60M	10Y1001A1001A39I	CTA	EE CTA	EE	1072.7	2018-03-08 23:46:36
2018-03-08 22:00:00	PT60M	10Y1001A1001A39I	CTA	EE CTA	EE	1022.1	2018-03-09 00:46:30
2018-03-08 23:00:00	PT60M	10Y1001A1001A39I	CTA	EE CTA	EE	984.6	2018-03-09 01:46:29
2018-03-09 00:00:00	PT60M	10Y1001A1001A39I	CTA	EE CTA	EE	969.7	2018-03-09 02:46:32
2018-03-09 01:00:00	PT60M	10Y1001A1001A39I	CTA	EE CTA	EE	962.7	2018-03-09 03:46:29
2018-03-09 02:00:00	PT60M	10Y1001A1001A39I	CTA	EE CTA	EE	969.2	2018-03-09 04:46:28
2018-03-09 03:00:00	PT60M	10Y1001A1001A39I	CTA	EE CTA	EE	1009.8	2018-03-09 05:46:32
2018-03-09 04:00:00	PT60M	10Y1001A1001A39I	CTA	EE CTA	EE	1109.7	2018-03-09 06:46:31
2018-03-09 05:00:00	PT60M	10Y1001A1001A39I	CTA	EE CTA	EE	1223.9	2018-03-09 07:46:36
2018-03-09 06:00:00	PT60M	10Y1001A1001A39I	CTA	EE CTA	EE	1333.7	2018-03-09 08:46:40
2018-03-09 07:00:00	PT60M	10Y1001A1001A39I	CTA	EE CTA	EE	1368.0	2018-03-09 09:46:56
2018-03-09 08:00:00	PT60M	10Y1001A1001A39I	CTA	EE CTA	EE	1356.0	2018-03-09 10:46:38
2018-03-09 09:00:00	PT60M	10Y1001A1001A39I	CTA	EE CTA	EE	1340.1	2018-03-09 11:46:38
2018-03-09 10:00:00	PT60M	10Y1001A1001A39I	CTA	EE CTA	EE	1312.7	2018-03-09 12:46:40
2018-03-09 11:00:00	PT60M	10Y1001A1001A39I	CTA	EE CTA	EE	1327.7	2018-03-09 13:46:41
2018-03-09 12:00:00	PT60M	10Y1001A1001A39I	CTA	EE CTA	EE	1312.1	2018-03-09 14:46:56
2018-03-09 13:00:00	PT60M	10Y1001A1001A39I	CTA	EE CTA	EE	1292.5	2018-03-09 15:46:45
2018-03-09 14:00:00	PT60M	10Y1001A1001A39I	CTA	EE CTA	EE	1263.0	2018-03-09 16:46:41
2018-03-09 15:00:00	PT60M	10Y1001A1001A39I	CTA	EE CTA	EE	1249.8	2018-03-09 17:46:50
2018-03-09 16:00:00	PT60M	10Y1001A1001A39I	CTA	EE CTA	EE	1284.4	2018-03-09 18:46:34
2018-03-09 17:00:00	PT60M	10Y1001A1001A39I	CTA	EE CTA	EE	1283.8	2018-03-09 19:46:35
2018-03-09 18:00:00	PT60M	10Y1001A1001A39I	CTA	EE CTA	EE	1242.6	2018-03-09 20:46:36
2018-03-09 19:00:00	PT60M	10Y1001A1001A39I	CTA	EE CTA	EE	1192.7	2018-03-09 21:46:35
2018-03-09 20:00:00	PT60M	10Y1001A1001A39I	CTA	EE CTA	EE	1113.1	2018-03-09 22:46:42
2018-03-09 21:00:00	PT60M	10Y1001A1001A39I	CTA	EE CTA	EE	1031.8	2018-03-09 23:46:39
2018-03-09 22:00:00	PT60M	10Y1001A1001A39I	CTA	EE CTA	EE	974.6	2018-03-10 00:46:33
2018-03-09 23:00:00	PT60M	10Y1001A1001A39I	CTA	EE CTA	EE	926.1	2018-03-10 01:46:32
2018-03-10 00:00:00	PT60M	10Y1001A1001A39I	CTA	EE CTA	EE	912.5	2018-03-10 02:46:36
2018-03-10 01:00:00	PT60M	10Y1001A1001A39I	CTA	EE CTA	EE	901.3	2018-03-10 03:46:29
2018-03-10 02:00:00	PT60M	10Y1001A1001A39I	CTA	EE CTA	EE	898.5	2018-03-10 04:46:40
2018-03-10 03:00:00	PT60M	10Y1001A1001A39I	CTA	EE CTA	EE	912.9	2018-03-10 05:46:34
2018-03-10 04:00:00	PT60M	10Y1001A1001A39I	CTA	EE CTA	EE	943.5	2018-03-10 06:46:29
2018-03-10 05:00:00	PT60M	10Y1001A1001A39I	CTA	EE CTA	EE	972.0	2018-03-10 07:46:33
2018-03-10 06:00:00	PT60M	10Y1001A1001A39I	CTA	EE CTA	EE	1060.3	2018-03-10 08:46:46
2018-03-10 07:00:00	PT60M	10Y1001A1001A39I	CTA	EE CTA	EE	1126.0	2018-03-10 09:46:48
2018-03-10 08:00:00	PT60M	10Y1001A1001A39I	CTA	EE CTA	EE	1146.9	2018-03-10 10:46:51
2018-03-10 09:00:00	PT60M	10Y1001A1001A39I	CTA	EE CTA	EE	1134.4	2018-03-10 11:46:49
2018-03-10 10:00:00	PT60M	10Y1001A1001A39I	CTA	EE CTA	EE	1133.6	2018-03-10 12:46:49
2018-03-10 11:00:00	PT60M	10Y1001A1001A39I	CTA	EE CTA	EE	1130.6	2018-03-10 13:46:30
2018-03-10 12:00:00	PT60M	10Y1001A1001A39I	CTA	EE CTA	EE	1115.2	2018-03-10 14:46:59
2018-03-10 13:00:00	PT60M	10Y1001A1001A39I	CTA	EE CTA	EE	1108.1	2018-03-10 15:46:38
2018-03-10 14:00:00	PT60M	10Y1001A1001A39I	CTA	EE CTA	EE	1109.4	2018-03-10 16:46:41
2018-03-10 15:00:00	PT60M	10Y1001A1001A39I	CTA	EE CTA	EE	1127.9	2018-03-10 17:46:42
2018-03-10 16:00:00	PT60M	10Y1001A1001A39I	CTA	EE CTA	EE	1170.6	2018-03-10 18:46:45
2018-03-10 17:00:00	PT60M	10Y1001A1001A39I	CTA	EE CTA	EE	1184.5	2018-03-10 19:46:37
2018-03-10 18:00:00	PT60M	10Y1001A1001A39I	CTA	EE CTA	EE	1144.1	2018-03-10 20:46:40
2018-03-10 19:00:00	PT60M	10Y1001A1001A39I	CTA	EE CTA	EE	1097.5	2018-03-10 21:46:36
2018-03-10 20:00:00	PT60M	10Y1001A1001A39I	CTA	EE CTA	EE	1025.6	2018-03-10 22:46:41
2018-03-10 21:00:00	PT60M	10Y1001A1001A39I	CTA	EE CTA	EE	969.0	2018-03-10 23:46:35
2018-03-10 22:00:00	PT60M	10Y1001A1001A39I	CTA	EE CTA	EE	921.3	2018-03-11 00:46:40
2018-03-10 23:00:00	PT60M	10Y1001A1001A39I	CTA	EE CTA	EE	884.4	2018-03-11 01:46:29
2018-03-11 00:00:00	PT60M	10Y1001A1001A39I	CTA	EE CTA	EE	870.1	2018-03-11 02:46:37
2018-03-11 01:00:00	PT60M	10Y1001A1001A39I	CTA	EE CTA	EE	860.7	2018-03-11 03:46:31
2018-03-11 02:00:00	PT60M	10Y1001A1001A39I	CTA	EE CTA	EE	862.3	2018-03-11 04:46:37
2018-03-11 03:00:00	PT60M	10Y1001A1001A39I	CTA	EE CTA	EE	871.2	2018-03-11 05:46:31
2018-03-11 04:00:00	PT60M	10Y1001A1001A39I	CTA	EE CTA	EE	890.5	2018-03-11 06:46:36
2018-03-11 05:00:00	PT60M	10Y1001A1001A39I	CTA	EE CTA	EE	912.7	2018-03-11 07:46:37
2018-03-11 06:00:00	PT60M	10Y1001A1001A39I	CTA	EE CTA	EE	984.4	2018-03-11 08:46:40
2018-03-11 07:00:00	PT60M	10Y1001A1001A39I	CTA	EE CTA	EE	1052.7	2018-03-11 09:46:36
2018-03-11 08:00:00	PT60M	10Y1001A1001A39I	CTA	EE CTA	EE	1075.4	2018-03-11 10:46:40
2018-03-11 09:00:00	PT60M	10Y1001A1001A39I	CTA	EE CTA	EE	1073.5	2018-03-11 11:46:43
2018-03-11 10:00:00	PT60M	10Y1001A1001A39I	CTA	EE CTA	EE	1060.3	2018-03-11 12:46:34
2018-03-11 11:00:00	PT60M	10Y1001A1001A39I	CTA	EE CTA	EE	1044.4	2018-03-11 13:46:36
2018-03-11 12:00:00	PT60M	10Y1001A1001A39I	CTA	EE CTA	EE	1036.1	2018-03-11 14:46:55
2018-03-11 13:00:00	PT60M	10Y1001A1001A39I	CTA	EE CTA	EE	1045.6	2018-03-11 15:46:42
2018-03-11 14:00:00	PT60M	10Y1001A1001A39I	CTA	EE CTA	EE	1056.7	2018-03-11 16:46:43
2018-03-11 15:00:00	PT60M	10Y1001A1001A39I	CTA	EE CTA	EE	1086.4	2018-03-11 17:46:37
2018-03-11 16:00:00	PT60M	10Y1001A1001A39I	CTA	EE CTA	EE	1152.0	2018-03-11 18:46:40
2018-03-11 17:00:00	PT60M	10Y1001A1001A39I	CTA	EE CTA	EE	1187.1	2018-03-11 19:46:41
2018-03-11 18:00:00	PT60M	10Y1001A1001A39I	CTA	EE CTA	EE	1149.9	2018-03-11 20:46:32
2018-03-11 19:00:00	PT60M	10Y1001A1001A39I	CTA	EE CTA	EE	1094.2	2018-03-11 21:46:36
2018-03-11 20:00:00	PT60M	10Y1001A1001A39I	CTA	EE CTA	EE	1029.9	2018-03-11 22:46:32
2018-03-11 21:00:00	PT60M	10Y1001A1001A39I	CTA	EE CTA	EE	951.9	2018-03-11 23:46:33
2018-03-11 22:00:00	PT60M	10Y1001A1001A39I	CTA	EE CTA	EE	904.7	2018-03-12 00:46:32
2018-03-11 23:00:00	PT60M	10Y1001A1001A39I	CTA	EE CTA	EE	888.0	2018-03-12 01:46:29
2018-03-12 00:00:00	PT60M	10Y1001A1001A39I	CTA	EE CTA	EE	876.8	2018-03-12 02:46:36
2018-03-12 01:00:00	PT60M	10Y1001A1001A39I	CTA	EE CTA	EE	875.1	2018-03-12 03:46:32
2018-03-12 02:00:00	PT60M	10Y1001A1001A39I	CTA	EE CTA	EE	878.0	2018-03-12 04:46:31
2018-03-12 03:00:00	PT60M	10Y1001A1001A39I	CTA	EE CTA	EE	922.9	2018-03-12 05:46:36
2018-03-12 04:00:00	PT60M	10Y1001A1001A39I	CTA	EE CTA	EE	1037.9	2018-03-12 06:46:29
2018-03-12 05:00:00	PT60M	10Y1001A1001A39I	CTA	EE CTA	EE	1164.8	2018-03-12 07:46:30
2018-03-12 06:00:00	PT60M	10Y1001A1001A39I	CTA	EE CTA	EE	1269.9	2018-03-12 08:46:40
2018-03-12 07:00:00	PT60M	10Y1001A1001A39I	CTA	EE CTA	EE	1307.4	2018-03-12 09:46:54
2018-03-12 08:00:00	PT60M	10Y1001A1001A39I	CTA	EE CTA	EE	1291.6	2018-03-12 10:46:46
2018-03-12 09:00:00	PT60M	10Y1001A1001A39I	CTA	EE CTA	EE	1287.8	2018-03-12 11:46:43
2018-03-12 10:00:00	PT60M	10Y1001A1001A39I	CTA	EE CTA	EE	1281.9	2018-03-12 12:46:42
2018-03-12 11:00:00	PT60M	10Y1001A1001A39I	CTA	EE CTA	EE	1303.0	2018-03-12 13:46:42
2018-03-12 12:00:00	PT60M	10Y1001A1001A39I	CTA	EE CTA	EE	1281.3	2018-03-12 15:02:04
2018-03-12 13:00:00	PT60M	10Y1001A1001A39I	CTA	EE CTA	EE	1272.1	2018-03-12 15:46:33
2018-03-12 14:00:00	PT60M	10Y1001A1001A39I	CTA	EE CTA	EE	1252.1	2018-03-12 16:46:42
2018-03-12 15:00:00	PT60M	10Y1001A1001A39I	CTA	EE CTA	EE	1241.3	2018-03-12 17:46:32
2018-03-12 16:00:00	PT60M	10Y1001A1001A39I	CTA	EE CTA	EE	1272.2	2018-03-12 18:46:33
2018-03-12 17:00:00	PT60M	10Y1001A1001A39I	CTA	EE CTA	EE	1271.8	2018-03-12 19:46:30
2018-03-12 18:00:00	PT60M	10Y1001A1001A39I	CTA	EE CTA	EE	1242.8	2018-03-12 20:46:37
2018-03-12 19:00:00	PT60M	10Y1001A1001A39I	CTA	EE CTA	EE	1171.3	2018-03-12 21:46:34
2018-03-12 20:00:00	PT60M	10Y1001A1001A39I	CTA	EE CTA	EE	1070.3	2018-03-12 22:46:38
2018-03-12 21:00:00	PT60M	10Y1001A1001A39I	CTA	EE CTA	EE	972.6	2018-03-12 23:46:31
2018-03-12 22:00:00	PT60M	10Y1001A1001A39I	CTA	EE CTA	EE	923.4	2018-03-13 00:46:37
2018-03-12 23:00:00	PT60M	10Y1001A1001A39I	CTA	EE CTA	EE	899.4	2018-03-13 01:46:29
2018-03-13 00:00:00	PT60M	10Y1001A1001A39I	CTA	EE CTA	EE	885.2	2018-03-13 02:46:37
2018-03-13 01:00:00	PT60M	10Y1001A1001A39I	CTA	EE CTA	EE	872.4	2018-03-13 03:46:31
2018-03-13 02:00:00	PT60M	10Y1001A1001A39I	CTA	EE CTA	EE	876.6	2018-03-13 04:46:33
2018-03-13 03:00:00	PT60M	10Y1001A1001A39I	CTA	EE CTA	EE	915.3	2018-03-13 05:46:29
2018-03-13 04:00:00	PT60M	10Y1001A1001A39I	CTA	EE CTA	EE	1027.5	2018-03-13 06:46:35
2018-03-13 05:00:00	PT60M	10Y1001A1001A39I	CTA	EE CTA	EE	1153.3	2018-03-13 07:46:35
2018-03-13 06:00:00	PT60M	10Y1001A1001A39I	CTA	EE CTA	EE	1263.9	2018-03-13 08:46:41
2018-03-13 07:00:00	PT60M	10Y1001A1001A39I	CTA	EE CTA	EE	1285.0	2018-03-13 09:47:02
2018-03-13 08:00:00	PT60M	10Y1001A1001A39I	CTA	EE CTA	EE	1266.9	2018-03-13 10:46:41
2018-03-13 09:00:00	PT60M	10Y1001A1001A39I	CTA	EE CTA	EE	1278.9	2018-03-13 11:46:36
2018-03-13 10:00:00	PT60M	10Y1001A1001A39I	CTA	EE CTA	EE	1263.1	2018-03-13 12:46:53
2018-03-13 11:00:00	PT60M	10Y1001A1001A39I	CTA	EE CTA	EE	1278.7	2018-03-13 13:46:42
2018-03-13 12:00:00	PT60M	10Y1001A1001A39I	CTA	EE CTA	EE	1270.2	2018-03-13 14:46:40
2018-03-13 13:00:00	PT60M	10Y1001A1001A39I	CTA	EE CTA	EE	1265.2	2018-03-13 15:46:36
2018-03-13 14:00:00	PT60M	10Y1001A1001A39I	CTA	EE CTA	EE	1241.4	2018-03-13 16:46:43
2018-03-13 15:00:00	PT60M	10Y1001A1001A39I	CTA	EE CTA	EE	1233.3	2018-03-13 17:46:38
2018-03-13 16:00:00	PT60M	10Y1001A1001A39I	CTA	EE CTA	EE	1266.8	2018-03-13 18:46:42
2018-03-13 17:00:00	PT60M	10Y1001A1001A39I	CTA	EE CTA	EE	1256.1	2018-03-13 19:46:41
2018-03-13 18:00:00	PT60M	10Y1001A1001A39I	CTA	EE CTA	EE	1221.8	2018-03-13 20:46:37
2018-03-13 19:00:00	PT60M	10Y1001A1001A39I	CTA	EE CTA	EE	1155.8	2018-03-13 21:46:39
2018-03-13 20:00:00	PT60M	10Y1001A1001A39I	CTA	EE CTA	EE	1070.0	2018-03-13 22:46:38
2018-03-13 21:00:00	PT60M	10Y1001A1001A39I	CTA	EE CTA	EE	976.4	2018-03-13 23:46:44
2018-03-13 22:00:00	PT60M	10Y1001A1001A39I	CTA	EE CTA	EE	911.6	2018-03-14 00:46:40
2018-03-13 23:00:00	PT60M	10Y1001A1001A39I	CTA	EE CTA	EE	889.9	2018-03-14 01:46:33
2018-03-14 00:00:00	PT60M	10Y1001A1001A39I	CTA	EE CTA	EE	875.7	2018-03-14 02:46:27
2018-03-14 01:00:00	PT60M	10Y1001A1001A39I	CTA	EE CTA	EE	876.2	2018-03-14 03:46:28
2018-03-14 02:00:00	PT60M	10Y1001A1001A39I	CTA	EE CTA	EE	883.4	2018-03-14 04:46:27
2018-03-14 03:00:00	PT60M	10Y1001A1001A39I	CTA	EE CTA	EE	929.5	2018-03-14 05:46:30
2018-03-14 04:00:00	PT60M	10Y1001A1001A39I	CTA	EE CTA	EE	1047.4	2018-03-14 06:46:30
2018-03-14 05:00:00	PT60M	10Y1001A1001A39I	CTA	EE CTA	EE	1174.0	2018-03-14 07:46:45
2018-03-14 06:00:00	PT60M	10Y1001A1001A39I	CTA	EE CTA	EE	1274.4	2018-03-14 08:46:37
2018-03-14 07:00:00	PT60M	10Y1001A1001A39I	CTA	EE CTA	EE	1320.6	2018-03-14 09:46:47
2018-03-14 08:00:00	PT60M	10Y1001A1001A39I	CTA	EE CTA	EE	1313.1	2018-03-14 10:46:34
2018-03-14 09:00:00	PT60M	10Y1001A1001A39I	CTA	EE CTA	EE	1302.1	2018-03-14 11:46:32
2018-03-14 10:00:00	PT60M	10Y1001A1001A39I	CTA	EE CTA	EE	1296.8	2018-03-14 12:46:37
2018-03-14 11:00:00	PT60M	10Y1001A1001A39I	CTA	EE CTA	EE	1322.3	2018-03-14 13:46:48
2018-03-14 12:00:00	PT60M	10Y1001A1001A39I	CTA	EE CTA	EE	1306.8	2018-03-14 14:46:58
2018-03-14 13:00:00	PT60M	10Y1001A1001A39I	CTA	EE CTA	EE	1297.0	2018-03-14 15:46:37
2018-03-14 14:00:00	PT60M	10Y1001A1001A39I	CTA	EE CTA	EE	1259.5	2018-03-14 16:46:39
2018-03-14 15:00:00	PT60M	10Y1001A1001A39I	CTA	EE CTA	EE	1246.8	2018-03-14 17:46:44
2018-03-14 16:00:00	PT60M	10Y1001A1001A39I	CTA	EE CTA	EE	1274.9	2018-03-14 18:46:42
2018-03-14 17:00:00	PT60M	10Y1001A1001A39I	CTA	EE CTA	EE	1293.4	2018-03-14 19:46:37
2018-03-14 18:00:00	PT60M	10Y1001A1001A39I	CTA	EE CTA	EE	1256.8	2018-03-14 20:46:28
2018-03-14 19:00:00	PT60M	10Y1001A1001A39I	CTA	EE CTA	EE	1184.2	2018-03-14 21:46:33
2018-03-14 20:00:00	PT60M	10Y1001A1001A39I	CTA	EE CTA	EE	1091.7	2018-03-14 22:46:34
2018-03-14 21:00:00	PT60M	10Y1001A1001A39I	CTA	EE CTA	EE	1002.2	2018-03-14 23:46:28
2018-03-14 22:00:00	PT60M	10Y1001A1001A39I	CTA	EE CTA	EE	944.3	2018-03-15 00:46:35
2018-03-14 23:00:00	PT60M	10Y1001A1001A39I	CTA	EE CTA	EE	916.6	2018-03-15 01:46:30
2018-03-15 00:00:00	PT60M	10Y1001A1001A39I	CTA	EE CTA	EE	902.8	2018-03-15 02:46:32
2018-03-15 01:00:00	PT60M	10Y1001A1001A39I	CTA	EE CTA	EE	895.2	2018-03-15 03:46:36
2018-03-15 02:00:00	PT60M	10Y1001A1001A39I	CTA	EE CTA	EE	909.3	2018-03-15 04:46:29
2018-03-15 03:00:00	PT60M	10Y1001A1001A39I	CTA	EE CTA	EE	945.9	2018-03-15 05:46:30
2018-03-15 04:00:00	PT60M	10Y1001A1001A39I	CTA	EE CTA	EE	1053.2	2018-03-15 06:46:31
2018-03-15 05:00:00	PT60M	10Y1001A1001A39I	CTA	EE CTA	EE	1181.2	2018-03-15 07:46:41
2018-03-15 06:00:00	PT60M	10Y1001A1001A39I	CTA	EE CTA	EE	1277.4	2018-03-15 08:46:39
2018-03-15 07:00:00	PT60M	10Y1001A1001A39I	CTA	EE CTA	EE	1304.0	2018-03-15 09:46:58
2018-03-15 08:00:00	PT60M	10Y1001A1001A39I	CTA	EE CTA	EE	1285.1	2018-03-15 10:46:49
2018-03-15 09:00:00	PT60M	10Y1001A1001A39I	CTA	EE CTA	EE	1280.8	2018-03-15 11:46:35
2018-03-15 10:00:00	PT60M	10Y1001A1001A39I	CTA	EE CTA	EE	1266.5	2020-01-06 15:17:18
2018-03-15 11:00:00	PT60M	10Y1001A1001A39I	CTA	EE CTA	EE	1284.8	2018-03-15 14:07:28
2018-03-15 12:00:00	PT60M	10Y1001A1001A39I	CTA	EE CTA	EE	1272.8	2018-03-15 15:05:46
2018-03-15 13:00:00	PT60M	10Y1001A1001A39I	CTA	EE CTA	EE	1264.3	2018-03-15 16:01:39
2018-03-15 14:00:00	PT60M	10Y1001A1001A39I	CTA	EE CTA	EE	1250.1	2018-03-15 16:46:09
2018-03-15 15:00:00	PT60M	10Y1001A1001A39I	CTA	EE CTA	EE	1239.4	2018-03-15 17:46:07
2018-03-15 16:00:00	PT60M	10Y1001A1001A39I	CTA	EE CTA	EE	1277.3	2018-03-15 18:46:06
2018-03-15 17:00:00	PT60M	10Y1001A1001A39I	CTA	EE CTA	EE	1308.1	2018-03-15 19:46:08
2018-03-15 18:00:00	PT60M	10Y1001A1001A39I	CTA	EE CTA	EE	1281.5	2018-03-15 20:46:10
2018-03-15 19:00:00	PT60M	10Y1001A1001A39I	CTA	EE CTA	EE	1216.5	2018-03-15 21:46:14
2018-03-15 20:00:00	PT60M	10Y1001A1001A39I	CTA	EE CTA	EE	1137.2	2018-03-15 22:46:08
2018-03-15 21:00:00	PT60M	10Y1001A1001A39I	CTA	EE CTA	EE	1050.8	2018-03-15 23:46:15
2018-03-15 22:00:00	PT60M	10Y1001A1001A39I	CTA	EE CTA	EE	993.3	2018-03-16 00:46:16
2018-03-15 23:00:00	PT60M	10Y1001A1001A39I	CTA	EE CTA	EE	968.2	2018-03-16 01:46:07
2018-03-16 00:00:00	PT60M	10Y1001A1001A39I	CTA	EE CTA	EE	954.5	2018-03-16 02:46:18
2018-03-16 01:00:00	PT60M	10Y1001A1001A39I	CTA	EE CTA	EE	950.2	2018-03-16 03:46:09
2018-03-16 02:00:00	PT60M	10Y1001A1001A39I	CTA	EE CTA	EE	958.2	2018-03-16 04:46:09
2018-03-16 03:00:00	PT60M	10Y1001A1001A39I	CTA	EE CTA	EE	1002.8	2018-03-16 05:46:10
2018-03-16 04:00:00	PT60M	10Y1001A1001A39I	CTA	EE CTA	EE	1096.8	2018-03-16 06:46:12
2018-03-16 05:00:00	PT60M	10Y1001A1001A39I	CTA	EE CTA	EE	1215.4	2018-03-16 07:46:12
2018-03-16 06:00:00	PT60M	10Y1001A1001A39I	CTA	EE CTA	EE	1314.0	2018-03-16 08:46:08
2018-03-16 07:00:00	PT60M	10Y1001A1001A39I	CTA	EE CTA	EE	1339.5	2018-03-16 09:41:27
2018-03-16 08:00:00	PT60M	10Y1001A1001A39I	CTA	EE CTA	EE	1317.9	2018-03-16 10:41:33
2018-03-16 09:00:00	PT60M	10Y1001A1001A39I	CTA	EE CTA	EE	1297.4	2018-03-16 11:46:15
2018-03-16 10:00:00	PT60M	10Y1001A1001A39I	CTA	EE CTA	EE	1293.0	2018-03-16 12:46:31
2018-03-16 11:00:00	PT60M	10Y1001A1001A39I	CTA	EE CTA	EE	1308.8	2018-03-16 13:46:15
2018-03-16 12:00:00	PT60M	10Y1001A1001A39I	CTA	EE CTA	EE	1282.6	2018-03-16 14:47:02
2018-03-16 13:00:00	PT60M	10Y1001A1001A39I	CTA	EE CTA	EE	1263.9	2018-03-16 15:46:28
2018-03-16 14:00:00	PT60M	10Y1001A1001A39I	CTA	EE CTA	EE	1244.6	2018-03-16 16:47:01
2018-03-16 15:00:00	PT60M	10Y1001A1001A39I	CTA	EE CTA	EE	1239.3	2018-03-16 17:46:20
2018-03-16 16:00:00	PT60M	10Y1001A1001A39I	CTA	EE CTA	EE	1269.3	2018-03-16 19:16:42
2018-03-16 17:00:00	PT60M	10Y1001A1001A39I	CTA	EE CTA	EE	1316.7	2018-03-16 19:46:28
2018-03-16 18:00:00	PT60M	10Y1001A1001A39I	CTA	EE CTA	EE	1277.6	2018-03-16 20:46:10
2018-03-16 19:00:00	PT60M	10Y1001A1001A39I	CTA	EE CTA	EE	1213.0	2018-03-16 21:46:11
2018-03-16 20:00:00	PT60M	10Y1001A1001A39I	CTA	EE CTA	EE	1131.1	2018-03-16 22:46:10
2018-03-16 21:00:00	PT60M	10Y1001A1001A39I	CTA	EE CTA	EE	1057.7	2018-03-16 23:46:06
2018-03-16 22:00:00	PT60M	10Y1001A1001A39I	CTA	EE CTA	EE	1008.0	2018-03-17 00:46:13
2018-03-16 23:00:00	PT60M	10Y1001A1001A39I	CTA	EE CTA	EE	969.9	2018-03-17 01:46:14
2018-03-17 00:00:00	PT60M	10Y1001A1001A39I	CTA	EE CTA	EE	953.8	2018-03-17 02:46:20
2018-03-17 01:00:00	PT60M	10Y1001A1001A39I	CTA	EE CTA	EE	946.2	2018-03-17 03:46:16
2018-03-17 02:00:00	PT60M	10Y1001A1001A39I	CTA	EE CTA	EE	948.4	2018-03-17 04:46:13
2018-03-17 03:00:00	PT60M	10Y1001A1001A39I	CTA	EE CTA	EE	965.5	2018-03-17 05:46:19
2018-03-17 04:00:00	PT60M	10Y1001A1001A39I	CTA	EE CTA	EE	982.1	2018-03-17 06:46:15
2018-03-17 05:00:00	PT60M	10Y1001A1001A39I	CTA	EE CTA	EE	1038.7	2018-03-17 07:46:12
2018-03-17 06:00:00	PT60M	10Y1001A1001A39I	CTA	EE CTA	EE	1095.7	2018-03-17 08:46:14
2018-03-17 07:00:00	PT60M	10Y1001A1001A39I	CTA	EE CTA	EE	1132.9	2018-03-17 09:46:23
2018-03-17 08:00:00	PT60M	10Y1001A1001A39I	CTA	EE CTA	EE	1140.1	2018-03-17 10:46:20
2018-03-17 09:00:00	PT60M	10Y1001A1001A39I	CTA	EE CTA	EE	1130.3	2018-03-17 11:46:18
2018-03-17 10:00:00	PT60M	10Y1001A1001A39I	CTA	EE CTA	EE	1122.5	2018-03-17 12:46:12
2018-03-17 11:00:00	PT60M	10Y1001A1001A39I	CTA	EE CTA	EE	1109.7	2018-03-17 13:46:15
2018-03-17 12:00:00	PT60M	10Y1001A1001A39I	CTA	EE CTA	EE	1092.8	2018-03-17 15:01:14
2018-03-17 13:00:00	PT60M	10Y1001A1001A39I	CTA	EE CTA	EE	1078.3	2018-03-17 15:46:25
2018-03-17 14:00:00	PT60M	10Y1001A1001A39I	CTA	EE CTA	EE	1079.0	2018-03-17 16:46:15
2018-03-17 15:00:00	PT60M	10Y1001A1001A39I	CTA	EE CTA	EE	1102.7	2018-03-17 17:46:17
2018-03-17 16:00:00	PT60M	10Y1001A1001A39I	CTA	EE CTA	EE	1143.7	2018-03-17 18:46:18
2018-03-17 17:00:00	PT60M	10Y1001A1001A39I	CTA	EE CTA	EE	1194.2	2018-03-17 19:46:11
2018-03-17 18:00:00	PT60M	10Y1001A1001A39I	CTA	EE CTA	EE	1165.6	2018-03-17 20:46:11
2018-03-17 19:00:00	PT60M	10Y1001A1001A39I	CTA	EE CTA	EE	1116.6	2018-03-17 21:46:10
2018-03-17 20:00:00	PT60M	10Y1001A1001A39I	CTA	EE CTA	EE	1053.1	2018-03-17 22:46:14
2018-03-17 21:00:00	PT60M	10Y1001A1001A39I	CTA	EE CTA	EE	996.4	2018-03-17 23:46:08
2018-03-17 22:00:00	PT60M	10Y1001A1001A39I	CTA	EE CTA	EE	953.6	2018-03-18 00:46:04
2018-03-17 23:00:00	PT60M	10Y1001A1001A39I	CTA	EE CTA	EE	923.9	2018-03-18 01:46:09
2018-03-18 00:00:00	PT60M	10Y1001A1001A39I	CTA	EE CTA	EE	910.4	2018-03-18 02:46:18
2018-03-18 01:00:00	PT60M	10Y1001A1001A39I	CTA	EE CTA	EE	901.4	2018-03-18 03:46:15
2018-03-18 02:00:00	PT60M	10Y1001A1001A39I	CTA	EE CTA	EE	904.7	2018-03-18 04:46:13
2018-03-18 03:00:00	PT60M	10Y1001A1001A39I	CTA	EE CTA	EE	920.3	2018-03-18 05:46:12
2018-03-18 04:00:00	PT60M	10Y1001A1001A39I	CTA	EE CTA	EE	914.4	2018-03-18 06:46:15
2018-03-18 05:00:00	PT60M	10Y1001A1001A39I	CTA	EE CTA	EE	958.8	2018-03-18 07:46:19
2018-03-18 06:00:00	PT60M	10Y1001A1001A39I	CTA	EE CTA	EE	1011.9	2018-03-18 09:01:15
2018-03-18 07:00:00	PT60M	10Y1001A1001A39I	CTA	EE CTA	EE	1060.1	2018-03-18 10:01:33
2018-03-18 08:00:00	PT60M	10Y1001A1001A39I	CTA	EE CTA	EE	1072.8	2018-03-18 10:46:09
2018-03-18 09:00:00	PT60M	10Y1001A1001A39I	CTA	EE CTA	EE	1061.4	2018-03-18 12:01:17
2018-03-18 10:00:00	PT60M	10Y1001A1001A39I	CTA	EE CTA	EE	1048.2	2018-03-18 12:46:14
2018-03-18 11:00:00	PT60M	10Y1001A1001A39I	CTA	EE CTA	EE	1039.3	2018-03-18 13:46:31
2018-03-18 12:00:00	PT60M	10Y1001A1001A39I	CTA	EE CTA	EE	1034.2	2018-03-18 15:16:14
2018-03-18 13:00:00	PT60M	10Y1001A1001A39I	CTA	EE CTA	EE	1032.1	2018-03-18 16:31:23
2018-03-18 14:00:00	PT60M	10Y1001A1001A39I	CTA	EE CTA	EE	1040.5	2018-03-18 17:01:17
2018-03-18 15:00:00	PT60M	10Y1001A1001A39I	CTA	EE CTA	EE	1073.4	2018-03-18 18:01:17
2018-03-18 16:00:00	PT60M	10Y1001A1001A39I	CTA	EE CTA	EE	1112.3	2018-03-18 19:01:15
2018-03-18 17:00:00	PT60M	10Y1001A1001A39I	CTA	EE CTA	EE	1194.2	2018-03-18 19:46:15
2018-03-18 18:00:00	PT60M	10Y1001A1001A39I	CTA	EE CTA	EE	1162.1	2018-03-18 20:46:20
2018-03-18 19:00:00	PT60M	10Y1001A1001A39I	CTA	EE CTA	EE	1107.3	2018-03-18 22:16:36
2018-03-18 20:00:00	PT60M	10Y1001A1001A39I	CTA	EE CTA	EE	1020.8	2018-03-18 23:01:24
2018-03-18 21:00:00	PT60M	10Y1001A1001A39I	CTA	EE CTA	EE	946.2	2018-03-19 00:01:21
2018-03-18 22:00:00	PT60M	10Y1001A1001A39I	CTA	EE CTA	EE	903.8	2018-03-19 00:46:11
2018-03-18 23:00:00	PT60M	10Y1001A1001A39I	CTA	EE CTA	EE	886.7	2018-03-19 01:46:15
2018-03-19 00:00:00	PT60M	10Y1001A1001A39I	CTA	EE CTA	EE	874.0	2018-03-19 02:46:22
2018-03-19 01:00:00	PT60M	10Y1001A1001A39I	CTA	EE CTA	EE	866.3	2018-03-19 03:46:16
2018-03-19 02:00:00	PT60M	10Y1001A1001A39I	CTA	EE CTA	EE	870.2	2018-03-19 04:46:10
2018-03-19 03:00:00	PT60M	10Y1001A1001A39I	CTA	EE CTA	EE	910.3	2018-03-19 05:46:18
2018-03-19 04:00:00	PT60M	10Y1001A1001A39I	CTA	EE CTA	EE	1016.6	2018-03-19 06:46:21
2018-03-19 05:00:00	PT60M	10Y1001A1001A39I	CTA	EE CTA	EE	1158.6	2018-03-19 07:46:23
2018-03-19 06:00:00	PT60M	10Y1001A1001A39I	CTA	EE CTA	EE	1269.3	2018-03-19 09:01:28
2018-03-19 07:00:00	PT60M	10Y1001A1001A39I	CTA	EE CTA	EE	1293.6	2018-03-19 09:46:28
2018-03-19 08:00:00	PT60M	10Y1001A1001A39I	CTA	EE CTA	EE	1289.0	2018-03-19 10:46:20
2018-03-19 09:00:00	PT60M	10Y1001A1001A39I	CTA	EE CTA	EE	1272.3	2018-03-19 11:46:18
2018-03-19 10:00:00	PT60M	10Y1001A1001A39I	CTA	EE CTA	EE	1247.1	2018-03-19 12:46:13
2018-03-19 11:00:00	PT60M	10Y1001A1001A39I	CTA	EE CTA	EE	1256.2	2018-03-19 15:32:01
2018-03-19 12:00:00	PT60M	10Y1001A1001A39I	CTA	EE CTA	EE	1251.7	2018-03-19 15:32:01
2018-03-19 13:00:00	PT60M	10Y1001A1001A39I	CTA	EE CTA	EE	1258.6	2018-03-19 17:16:42
2018-03-19 14:00:00	PT60M	10Y1001A1001A39I	CTA	EE CTA	EE	1240.9	2018-03-19 17:16:42
2018-03-19 15:00:00	PT60M	10Y1001A1001A39I	CTA	EE CTA	EE	1242.6	2018-03-19 17:46:28
2018-03-19 16:00:00	PT60M	10Y1001A1001A39I	CTA	EE CTA	EE	1267.6	2018-03-19 19:31:37
2018-03-19 17:00:00	PT60M	10Y1001A1001A39I	CTA	EE CTA	EE	1296.8	2018-03-19 20:16:16
2018-03-19 18:00:00	PT60M	10Y1001A1001A39I	CTA	EE CTA	EE	1250.1	2018-03-19 21:01:36
2018-03-19 19:00:00	PT60M	10Y1001A1001A39I	CTA	EE CTA	EE	1188.9	2018-03-19 22:01:24
2018-03-19 20:00:00	PT60M	10Y1001A1001A39I	CTA	EE CTA	EE	1091.1	2018-03-19 23:01:29
2018-03-19 21:00:00	PT60M	10Y1001A1001A39I	CTA	EE CTA	EE	1008.7	2018-03-19 23:46:15
2018-03-19 22:00:00	PT60M	10Y1001A1001A39I	CTA	EE CTA	EE	961.0	2018-03-20 00:46:24
2018-03-19 23:00:00	PT60M	10Y1001A1001A39I	CTA	EE CTA	EE	936.4	2018-03-20 01:46:15
2018-03-20 00:00:00	PT60M	10Y1001A1001A39I	CTA	EE CTA	EE	919.4	2018-03-20 02:46:15
2018-03-20 01:00:00	PT60M	10Y1001A1001A39I	CTA	EE CTA	EE	907.5	2018-03-20 03:46:03
2018-03-20 02:00:00	PT60M	10Y1001A1001A39I	CTA	EE CTA	EE	903.8	2018-03-20 04:46:17
2018-03-20 03:00:00	PT60M	10Y1001A1001A39I	CTA	EE CTA	EE	936.3	2018-03-20 05:46:10
2018-03-20 04:00:00	PT60M	10Y1001A1001A39I	CTA	EE CTA	EE	1034.5	2018-03-20 07:01:21
2018-03-20 05:00:00	PT60M	10Y1001A1001A39I	CTA	EE CTA	EE	1167.0	2018-03-20 07:46:17
2018-03-20 06:00:00	PT60M	10Y1001A1001A39I	CTA	EE CTA	EE	1267.9	2018-03-20 08:46:32
2018-03-20 07:00:00	PT60M	10Y1001A1001A39I	CTA	EE CTA	EE	1306.7	2018-03-20 09:46:38
2018-03-20 08:00:00	PT60M	10Y1001A1001A39I	CTA	EE CTA	EE	1302.9	2018-03-20 10:46:24
2018-03-20 09:00:00	PT60M	10Y1001A1001A39I	CTA	EE CTA	EE	1291.4	2018-03-20 12:01:23
2018-03-20 10:00:00	PT60M	10Y1001A1001A39I	CTA	EE CTA	EE	1263.4	2018-03-20 13:01:25
2018-03-20 11:00:00	PT60M	10Y1001A1001A39I	CTA	EE CTA	EE	1275.9	2018-03-20 15:01:34
2018-03-20 12:00:00	PT60M	10Y1001A1001A39I	CTA	EE CTA	EE	1258.0	2018-03-20 15:01:34
2018-03-20 13:00:00	PT60M	10Y1001A1001A39I	CTA	EE CTA	EE	1254.6	2018-03-20 16:01:20
2018-03-20 14:00:00	PT60M	10Y1001A1001A39I	CTA	EE CTA	EE	1243.5	2018-03-20 16:46:26
2018-03-20 15:00:00	PT60M	10Y1001A1001A39I	CTA	EE CTA	EE	1238.9	2018-03-20 17:46:18
2018-03-20 16:00:00	PT60M	10Y1001A1001A39I	CTA	EE CTA	EE	1248.7	2018-03-20 18:46:09
2018-03-20 17:00:00	PT60M	10Y1001A1001A39I	CTA	EE CTA	EE	1291.1	2018-03-20 19:46:14
2018-03-20 18:00:00	PT60M	10Y1001A1001A39I	CTA	EE CTA	EE	1253.7	2018-03-20 20:46:15
2018-03-20 19:00:00	PT60M	10Y1001A1001A39I	CTA	EE CTA	EE	1201.5	2018-03-20 21:46:19
2018-03-20 20:00:00	PT60M	10Y1001A1001A39I	CTA	EE CTA	EE	1121.4	2018-03-20 22:46:05
2018-03-20 21:00:00	PT60M	10Y1001A1001A39I	CTA	EE CTA	EE	1029.0	2018-03-20 23:46:11
2018-03-20 22:00:00	PT60M	10Y1001A1001A39I	CTA	EE CTA	EE	975.9	2018-03-21 00:46:13
2018-03-20 23:00:00	PT60M	10Y1001A1001A39I	CTA	EE CTA	EE	950.4	2018-03-21 01:46:10
2018-03-21 00:00:00	PT60M	10Y1001A1001A39I	CTA	EE CTA	EE	943.8	2018-03-21 02:46:14
2018-03-21 01:00:00	PT60M	10Y1001A1001A39I	CTA	EE CTA	EE	946.8	2018-03-21 03:46:11
2018-03-21 02:00:00	PT60M	10Y1001A1001A39I	CTA	EE CTA	EE	959.8	2018-03-21 04:46:05
2018-03-21 03:00:00	PT60M	10Y1001A1001A39I	CTA	EE CTA	EE	1007.8	2018-03-21 05:46:05
2018-03-21 04:00:00	PT60M	10Y1001A1001A39I	CTA	EE CTA	EE	1110.0	2018-03-21 06:46:07
2018-03-21 05:00:00	PT60M	10Y1001A1001A39I	CTA	EE CTA	EE	1241.5	2018-03-21 07:46:10
2018-03-21 06:00:00	PT60M	10Y1001A1001A39I	CTA	EE CTA	EE	1336.2	2018-03-21 08:46:10
2018-03-21 07:00:00	PT60M	10Y1001A1001A39I	CTA	EE CTA	EE	1345.8	2018-03-21 09:46:35
2018-03-21 08:00:00	PT60M	10Y1001A1001A39I	CTA	EE CTA	EE	1327.8	2018-03-21 10:46:07
2018-03-21 09:00:00	PT60M	10Y1001A1001A39I	CTA	EE CTA	EE	1299.2	2018-03-21 11:46:13
2018-03-21 10:00:00	PT60M	10Y1001A1001A39I	CTA	EE CTA	EE	1271.9	2018-03-21 12:46:21
2018-03-21 11:00:00	PT60M	10Y1001A1001A39I	CTA	EE CTA	EE	1296.3	2018-03-21 13:46:11
2018-03-21 12:00:00	PT60M	10Y1001A1001A39I	CTA	EE CTA	EE	1249.9	2018-03-21 14:47:00
2018-03-21 13:00:00	PT60M	10Y1001A1001A39I	CTA	EE CTA	EE	1244.8	2018-03-21 15:46:36
2018-03-21 14:00:00	PT60M	10Y1001A1001A39I	CTA	EE CTA	EE	1227.9	2018-03-21 17:31:54
2018-03-21 15:00:00	PT60M	10Y1001A1001A39I	CTA	EE CTA	EE	1228.7	2018-03-21 17:46:19
2018-03-21 16:00:00	PT60M	10Y1001A1001A39I	CTA	EE CTA	EE	1238.9	2018-03-21 18:46:16
2018-03-21 17:00:00	PT60M	10Y1001A1001A39I	CTA	EE CTA	EE	1285.4	2018-03-21 19:46:14
2018-03-21 18:00:00	PT60M	10Y1001A1001A39I	CTA	EE CTA	EE	1251.7	2018-03-21 20:46:06
2018-03-21 19:00:00	PT60M	10Y1001A1001A39I	CTA	EE CTA	EE	1195.5	2018-03-21 21:46:14
2018-03-21 20:00:00	PT60M	10Y1001A1001A39I	CTA	EE CTA	EE	1100.9	2018-03-21 22:46:19
2018-03-21 21:00:00	PT60M	10Y1001A1001A39I	CTA	EE CTA	EE	1005.3	2018-03-21 23:46:14
2018-03-21 22:00:00	PT60M	10Y1001A1001A39I	CTA	EE CTA	EE	952.2	2018-03-22 00:46:13
2018-03-21 23:00:00	PT60M	10Y1001A1001A39I	CTA	EE CTA	EE	926.8	2018-03-22 01:46:12
2018-03-22 00:00:00	PT60M	10Y1001A1001A39I	CTA	EE CTA	EE	910.7	2018-03-22 02:46:18
2018-03-22 01:00:00	PT60M	10Y1001A1001A39I	CTA	EE CTA	EE	907.4	2018-03-22 03:46:18
2018-03-22 02:00:00	PT60M	10Y1001A1001A39I	CTA	EE CTA	EE	914.6	2018-03-22 04:46:12
2018-03-22 03:00:00	PT60M	10Y1001A1001A39I	CTA	EE CTA	EE	958.9	2018-03-22 05:46:17
2018-03-22 04:00:00	PT60M	10Y1001A1001A39I	CTA	EE CTA	EE	1050.4	2018-03-22 06:46:07
2018-03-22 05:00:00	PT60M	10Y1001A1001A39I	CTA	EE CTA	EE	1182.5	2018-03-22 07:46:14
2018-03-22 06:00:00	PT60M	10Y1001A1001A39I	CTA	EE CTA	EE	1284.8	2018-03-22 08:46:20
2018-03-22 07:00:00	PT60M	10Y1001A1001A39I	CTA	EE CTA	EE	1309.9	2018-03-22 09:46:30
2018-03-22 08:00:00	PT60M	10Y1001A1001A39I	CTA	EE CTA	EE	1299.9	2018-03-22 10:46:14
2018-03-22 09:00:00	PT60M	10Y1001A1001A39I	CTA	EE CTA	EE	1284.9	2018-03-22 11:46:18
2018-03-22 10:00:00	PT60M	10Y1001A1001A39I	CTA	EE CTA	EE	1262.8	2018-03-22 12:46:28
2018-03-22 11:00:00	PT60M	10Y1001A1001A39I	CTA	EE CTA	EE	1286.3	2018-03-22 14:01:42
2018-03-22 12:00:00	PT60M	10Y1001A1001A39I	CTA	EE CTA	EE	1263.3	2018-03-22 14:46:50
2018-03-22 13:00:00	PT60M	10Y1001A1001A39I	CTA	EE CTA	EE	1260.7	2018-03-22 15:46:33
2018-03-22 14:00:00	PT60M	10Y1001A1001A39I	CTA	EE CTA	EE	1247.5	2018-03-22 16:46:27
2018-03-22 15:00:00	PT60M	10Y1001A1001A39I	CTA	EE CTA	EE	1250.4	2018-03-22 17:46:17
2018-03-22 16:00:00	PT60M	10Y1001A1001A39I	CTA	EE CTA	EE	1249.3	2018-03-22 18:46:13
2018-03-22 17:00:00	PT60M	10Y1001A1001A39I	CTA	EE CTA	EE	1264.9	2018-03-22 19:46:13
2018-03-22 18:00:00	PT60M	10Y1001A1001A39I	CTA	EE CTA	EE	1227.0	2018-03-22 20:46:12
2018-03-22 19:00:00	PT60M	10Y1001A1001A39I	CTA	EE CTA	EE	1164.2	2018-03-22 21:46:14
2018-03-22 20:00:00	PT60M	10Y1001A1001A39I	CTA	EE CTA	EE	1075.9	2018-03-22 22:46:18
2018-03-22 21:00:00	PT60M	10Y1001A1001A39I	CTA	EE CTA	EE	988.2	2018-03-22 23:46:13
2018-03-22 22:00:00	PT60M	10Y1001A1001A39I	CTA	EE CTA	EE	938.6	2018-03-23 00:46:20
2018-03-22 23:00:00	PT60M	10Y1001A1001A39I	CTA	EE CTA	EE	909.1	2018-03-23 01:46:20
2018-03-23 00:00:00	PT60M	10Y1001A1001A39I	CTA	EE CTA	EE	897.5	2018-03-23 02:46:19
2018-03-23 01:00:00	PT60M	10Y1001A1001A39I	CTA	EE CTA	EE	900.4	2018-03-23 03:46:16
2018-03-23 02:00:00	PT60M	10Y1001A1001A39I	CTA	EE CTA	EE	906.5	2018-03-23 04:46:11
2018-03-23 03:00:00	PT60M	10Y1001A1001A39I	CTA	EE CTA	EE	943.3	2018-03-23 05:46:10
2018-03-23 04:00:00	PT60M	10Y1001A1001A39I	CTA	EE CTA	EE	1035.2	2018-03-23 06:46:12
2018-03-23 05:00:00	PT60M	10Y1001A1001A39I	CTA	EE CTA	EE	1167.1	2018-03-23 07:46:13
2018-03-23 06:00:00	PT60M	10Y1001A1001A39I	CTA	EE CTA	EE	1262.6	2018-03-24 09:16:27
2018-03-23 07:00:00	PT60M	10Y1001A1001A39I	CTA	EE CTA	EE	1291.2	2018-03-23 09:46:18
2018-03-23 08:00:00	PT60M	10Y1001A1001A39I	CTA	EE CTA	EE	1284.0	2018-03-23 10:46:11
2018-03-23 09:00:00	PT60M	10Y1001A1001A39I	CTA	EE CTA	EE	1277.7	2018-03-23 11:46:11
2018-03-23 10:00:00	PT60M	10Y1001A1001A39I	CTA	EE CTA	EE	1259.2	2018-03-23 12:46:11
2018-03-23 11:00:00	PT60M	10Y1001A1001A39I	CTA	EE CTA	EE	1276.8	2018-03-23 14:46:20
2018-03-23 12:00:00	PT60M	10Y1001A1001A39I	CTA	EE CTA	EE	1250.7	2018-03-23 14:46:20
2018-03-23 13:00:00	PT60M	10Y1001A1001A39I	CTA	EE CTA	EE	1239.8	2018-03-23 16:01:35
2018-03-23 14:00:00	PT60M	10Y1001A1001A39I	CTA	EE CTA	EE	1198.7	2018-03-23 16:46:27
2018-03-23 15:00:00	PT60M	10Y1001A1001A39I	CTA	EE CTA	EE	1180.7	2018-03-23 17:46:13
2018-03-23 16:00:00	PT60M	10Y1001A1001A39I	CTA	EE CTA	EE	1195.6	2018-03-23 18:46:17
2018-03-23 17:00:00	PT60M	10Y1001A1001A39I	CTA	EE CTA	EE	1252.4	2018-03-23 19:46:15
2018-03-23 18:00:00	PT60M	10Y1001A1001A39I	CTA	EE CTA	EE	1222.6	2018-03-23 20:46:09
2018-03-23 19:00:00	PT60M	10Y1001A1001A39I	CTA	EE CTA	EE	1170.4	2018-03-23 21:46:21
2018-03-23 20:00:00	PT60M	10Y1001A1001A39I	CTA	EE CTA	EE	1097.2	2018-03-23 22:46:09
2018-03-23 21:00:00	PT60M	10Y1001A1001A39I	CTA	EE CTA	EE	1027.8	2018-03-23 23:46:07
2018-03-23 22:00:00	PT60M	10Y1001A1001A39I	CTA	EE CTA	EE	968.4	2018-03-24 00:46:15
2018-03-23 23:00:00	PT60M	10Y1001A1001A39I	CTA	EE CTA	EE	935.8	2018-03-24 01:46:10
2018-03-24 00:00:00	PT60M	10Y1001A1001A39I	CTA	EE CTA	EE	920.0	2018-03-24 02:46:12
2018-03-24 01:00:00	PT60M	10Y1001A1001A39I	CTA	EE CTA	EE	908.2	2018-03-24 03:46:12
2018-03-24 02:00:00	PT60M	10Y1001A1001A39I	CTA	EE CTA	EE	912.4	2018-03-24 04:46:04
2018-03-24 03:00:00	PT60M	10Y1001A1001A39I	CTA	EE CTA	EE	917.3	2018-03-24 05:46:05
2018-03-24 04:00:00	PT60M	10Y1001A1001A39I	CTA	EE CTA	EE	925.8	2018-03-24 06:46:09
2018-03-24 05:00:00	PT60M	10Y1001A1001A39I	CTA	EE CTA	EE	986.2	2018-03-24 07:46:06
2018-03-24 06:00:00	PT60M	10Y1001A1001A39I	CTA	EE CTA	EE	1056.0	2018-03-24 08:46:12
2018-03-24 07:00:00	PT60M	10Y1001A1001A39I	CTA	EE CTA	EE	1104.7	2018-03-24 09:46:23
2018-03-24 08:00:00	PT60M	10Y1001A1001A39I	CTA	EE CTA	EE	1110.8	2018-03-24 10:46:14
2018-03-24 09:00:00	PT60M	10Y1001A1001A39I	CTA	EE CTA	EE	1089.7	2018-03-24 11:46:13
2018-03-24 10:00:00	PT60M	10Y1001A1001A39I	CTA	EE CTA	EE	1075.9	2018-03-24 12:46:13
2018-03-24 11:00:00	PT60M	10Y1001A1001A39I	CTA	EE CTA	EE	1066.3	2018-03-24 13:46:13
2018-03-24 12:00:00	PT60M	10Y1001A1001A39I	CTA	EE CTA	EE	1055.1	2018-03-24 14:46:14
2018-03-24 13:00:00	PT60M	10Y1001A1001A39I	CTA	EE CTA	EE	1047.9	2018-03-24 15:46:26
2018-03-24 14:00:00	PT60M	10Y1001A1001A39I	CTA	EE CTA	EE	1049.1	2018-03-24 16:46:17
2018-03-24 15:00:00	PT60M	10Y1001A1001A39I	CTA	EE CTA	EE	1061.2	2018-03-24 17:46:11
2018-03-24 16:00:00	PT60M	10Y1001A1001A39I	CTA	EE CTA	EE	1085.9	2018-03-24 18:46:16
2018-03-24 17:00:00	PT60M	10Y1001A1001A39I	CTA	EE CTA	EE	1145.0	2018-03-24 19:46:09
2018-03-24 18:00:00	PT60M	10Y1001A1001A39I	CTA	EE CTA	EE	1119.0	2018-03-24 20:46:21
2018-03-24 19:00:00	PT60M	10Y1001A1001A39I	CTA	EE CTA	EE	1072.2	2018-03-24 21:46:11
2018-03-24 20:00:00	PT60M	10Y1001A1001A39I	CTA	EE CTA	EE	1005.6	2018-03-24 22:46:19
2018-03-24 21:00:00	PT60M	10Y1001A1001A39I	CTA	EE CTA	EE	948.7	2018-03-24 23:46:13
2018-03-24 22:00:00	PT60M	10Y1001A1001A39I	CTA	EE CTA	EE	894.8	2018-03-25 00:46:09
2018-03-24 23:00:00	PT60M	10Y1001A1001A39I	CTA	EE CTA	EE	867.0	2018-03-25 01:46:13
2018-03-25 00:00:00	PT60M	10Y1001A1001A39I	CTA	EE CTA	EE	848.1	2018-03-25 03:46:11
2018-03-25 01:00:00	PT60M	10Y1001A1001A39I	CTA	EE CTA	EE	846.9	2018-03-25 05:46:16
2018-03-25 02:00:00.000000	PT60M	10Y1001A1001A39I	CTA	EE CTA	EE		2022-01-03 14:39:35.241683
2018-03-25 03:00:00.000000	PT60M	10Y1001A1001A39I	CTA	EE CTA	EE		2022-01-03 14:39:35.241688
2018-03-25 04:00:00.000000	PT60M	10Y1001A1001A39I	CTA	EE CTA	EE		2022-01-03 14:39:35.241690
2018-03-25 05:00:00	PT60M	10Y1001A1001A39I	CTA	EE CTA	EE	932.8	2018-03-25 08:46:11
2018-03-25 06:00:00	PT60M	10Y1001A1001A39I	CTA	EE CTA	EE	1001.2	2018-03-25 09:46:20
2018-03-25 07:00:00	PT60M	10Y1001A1001A39I	CTA	EE CTA	EE	1048.0	2018-03-25 10:46:15
2018-03-25 08:00:00	PT60M	10Y1001A1001A39I	CTA	EE CTA	EE	1069.2	2018-03-25 11:46:10
2018-03-25 09:00:00	PT60M	10Y1001A1001A39I	CTA	EE CTA	EE	1076.0	2018-03-25 12:46:15
2018-03-25 10:00:00	PT60M	10Y1001A1001A39I	CTA	EE CTA	EE	1074.6	2018-03-25 13:46:17
2018-03-25 11:00:00	PT60M	10Y1001A1001A39I	CTA	EE CTA	EE	1066.8	2018-03-25 14:46:07
2018-03-25 12:00:00	PT60M	10Y1001A1001A39I	CTA	EE CTA	EE	1063.7	2018-03-25 16:01:19
2018-03-25 13:00:00	PT60M	10Y1001A1001A39I	CTA	EE CTA	EE	1055.5	2018-03-25 16:46:20
2018-03-25 14:00:00	PT60M	10Y1001A1001A39I	CTA	EE CTA	EE	1065.7	2018-03-25 17:46:19
2018-03-25 15:00:00	PT60M	10Y1001A1001A39I	CTA	EE CTA	EE	1076.8	2018-03-25 18:46:10
2018-03-25 16:00:00	PT60M	10Y1001A1001A39I	CTA	EE CTA	EE	1095.5	2018-03-25 19:46:09
2018-03-25 17:00:00	PT60M	10Y1001A1001A39I	CTA	EE CTA	EE	1135.7	2018-03-25 20:46:17
2018-03-25 18:00:00	PT60M	10Y1001A1001A39I	CTA	EE CTA	EE	1111.5	2018-03-25 21:46:11
2018-03-25 19:00:00	PT60M	10Y1001A1001A39I	CTA	EE CTA	EE	1031.9	2018-03-25 22:46:14
2018-03-25 20:00:00	PT60M	10Y1001A1001A39I	CTA	EE CTA	EE	948.5	2018-03-25 23:46:12
2018-03-25 21:00:00	PT60M	10Y1001A1001A39I	CTA	EE CTA	EE	898.9	2018-03-26 00:46:06
2018-03-25 22:00:00	PT60M	10Y1001A1001A39I	CTA	EE CTA	EE	867.3	2018-03-26 01:46:11
2018-03-25 23:00:00	PT60M	10Y1001A1001A39I	CTA	EE CTA	EE	851.5	2018-03-26 02:46:07
2018-03-26 00:00:00	PT60M	10Y1001A1001A39I	CTA	EE CTA	EE	848.1	2018-03-26 03:46:15
2018-03-26 01:00:00	PT60M	10Y1001A1001A39I	CTA	EE CTA	EE	868.5	2018-03-26 04:46:10
2018-03-26 02:00:00	PT60M	10Y1001A1001A39I	CTA	EE CTA	EE	914.8	2018-03-26 05:46:09
2018-03-26 03:00:00	PT60M	10Y1001A1001A39I	CTA	EE CTA	EE	1044.3	2018-03-26 06:46:11
2018-03-26 04:00:00	PT60M	10Y1001A1001A39I	CTA	EE CTA	EE	1158.8	2018-03-26 07:46:06
2018-03-26 05:00:00	PT60M	10Y1001A1001A39I	CTA	EE CTA	EE	1278.5	2018-03-26 08:46:09
2018-03-26 06:00:00	PT60M	10Y1001A1001A39I	CTA	EE CTA	EE	1329.1	2018-03-26 09:46:16
2018-03-26 07:00:00	PT60M	10Y1001A1001A39I	CTA	EE CTA	EE	1316.4	2018-03-26 10:46:15
2018-03-26 08:00:00	PT60M	10Y1001A1001A39I	CTA	EE CTA	EE	1310.9	2018-03-26 11:46:10
2018-03-26 09:00:00	PT60M	10Y1001A1001A39I	CTA	EE CTA	EE	1306.1	2018-05-04 12:46:06
2018-03-26 10:00:00	PT60M	10Y1001A1001A39I	CTA	EE CTA	EE	1251.9	2018-05-04 12:46:06
2018-03-26 11:00:00	PT60M	10Y1001A1001A39I	CTA	EE CTA	EE	1232.9	2018-05-04 12:46:06
2018-03-26 12:00:00	PT60M	10Y1001A1001A39I	CTA	EE CTA	EE	1228.3	2018-05-04 12:46:06
2018-03-26 13:00:00	PT60M	10Y1001A1001A39I	CTA	EE CTA	EE	1182.2	2018-05-04 12:46:06
2018-03-26 14:00:00	PT60M	10Y1001A1001A39I	CTA	EE CTA	EE	1162.6	2018-05-04 12:46:06
2018-03-26 15:00:00	PT60M	10Y1001A1001A39I	CTA	EE CTA	EE	1150.2	2018-05-04 12:46:06
2018-03-26 16:00:00	PT60M	10Y1001A1001A39I	CTA	EE CTA	EE	1154.2	2018-05-04 12:46:06
2018-03-26 17:00:00	PT60M	10Y1001A1001A39I	CTA	EE CTA	EE	1205.2	2018-05-04 12:46:06
2018-03-26 18:00:00	PT60M	10Y1001A1001A39I	CTA	EE CTA	EE	1189.5	2018-05-04 12:46:06
2018-03-26 19:00:00	PT60M	10Y1001A1001A39I	CTA	EE CTA	EE	1102.6	2018-05-04 12:46:06
2018-03-26 20:00:00	PT60M	10Y1001A1001A39I	CTA	EE CTA	EE	1014.6	2018-05-04 12:46:06
2018-03-26 21:00:00	PT60M	10Y1001A1001A39I	CTA	EE CTA	EE	958.8	2018-05-04 12:46:06
2018-03-26 22:00:00	PT60M	10Y1001A1001A39I	CTA	EE CTA	EE	933.4	2018-05-04 12:46:06
2018-03-26 23:00:00	PT60M	10Y1001A1001A39I	CTA	EE CTA	EE	914.9	2018-05-04 12:46:06
2018-03-27 00:00:00	PT60M	10Y1001A1001A39I	CTA	EE CTA	EE	914.2	2018-05-04 12:46:19
2018-03-27 01:00:00	PT60M	10Y1001A1001A39I	CTA	EE CTA	EE	923.6	2018-05-04 12:46:19
2018-03-27 02:00:00	PT60M	10Y1001A1001A39I	CTA	EE CTA	EE	970.6	2018-05-04 12:46:19
2018-03-27 03:00:00	PT60M	10Y1001A1001A39I	CTA	EE CTA	EE	1088.5	2018-05-04 12:46:19
2018-03-27 04:00:00	PT60M	10Y1001A1001A39I	CTA	EE CTA	EE	1205.1	2018-05-04 12:46:19
2018-03-27 05:00:00	PT60M	10Y1001A1001A39I	CTA	EE CTA	EE	1294.1	2018-05-04 12:46:19
2018-03-27 06:00:00	PT60M	10Y1001A1001A39I	CTA	EE CTA	EE	1296.0	2018-05-04 12:46:19
2018-03-27 07:00:00	PT60M	10Y1001A1001A39I	CTA	EE CTA	EE	1261.4	2018-05-04 12:46:19
2018-03-27 08:00:00	PT60M	10Y1001A1001A39I	CTA	EE CTA	EE	1230.7	2018-05-04 12:46:19
2018-03-27 09:00:00	PT60M	10Y1001A1001A39I	CTA	EE CTA	EE	1206.7	2018-05-04 12:46:19
2018-03-27 10:00:00	PT60M	10Y1001A1001A39I	CTA	EE CTA	EE	1225.1	2018-05-04 12:46:19
2018-03-27 11:00:00	PT60M	10Y1001A1001A39I	CTA	EE CTA	EE	1207.2	2018-05-04 12:46:19
2018-03-27 12:00:00	PT60M	10Y1001A1001A39I	CTA	EE CTA	EE	1208.0	2018-05-04 12:46:19
2018-03-27 13:00:00	PT60M	10Y1001A1001A39I	CTA	EE CTA	EE	1177.6	2018-05-04 12:46:19
2018-03-27 14:00:00	PT60M	10Y1001A1001A39I	CTA	EE CTA	EE	1170.6	2018-05-04 12:46:19
2018-03-27 15:00:00	PT60M	10Y1001A1001A39I	CTA	EE CTA	EE	1168.1	2018-05-04 12:46:19
2018-03-27 16:00:00	PT60M	10Y1001A1001A39I	CTA	EE CTA	EE	1153.7	2018-05-04 12:46:19
2018-03-27 17:00:00	PT60M	10Y1001A1001A39I	CTA	EE CTA	EE	1200.3	2018-05-04 12:46:19
2018-03-27 18:00:00	PT60M	10Y1001A1001A39I	CTA	EE CTA	EE	1190.3	2018-05-04 12:46:19
2018-03-27 19:00:00	PT60M	10Y1001A1001A39I	CTA	EE CTA	EE	1108.8	2018-05-04 12:46:19
2018-03-27 20:00:00	PT60M	10Y1001A1001A39I	CTA	EE CTA	EE	1014.2	2018-05-04 12:46:19
2018-03-27 21:00:00	PT60M	10Y1001A1001A39I	CTA	EE CTA	EE	958.8	2018-05-04 12:46:19
2018-03-27 22:00:00	PT60M	10Y1001A1001A39I	CTA	EE CTA	EE	937.6	2018-05-04 12:46:19
2018-03-27 23:00:00	PT60M	10Y1001A1001A39I	CTA	EE CTA	EE	925.7	2018-05-04 13:16:10
2018-03-28 00:00:00	PT60M	10Y1001A1001A39I	CTA	EE CTA	EE	921.3	2018-05-04 13:16:10
2018-03-28 01:00:00	PT60M	10Y1001A1001A39I	CTA	EE CTA	EE	935.5	2018-05-04 13:16:10
2018-03-28 02:00:00	PT60M	10Y1001A1001A39I	CTA	EE CTA	EE	974.8	2018-05-04 13:16:10
2018-03-28 03:00:00	PT60M	10Y1001A1001A39I	CTA	EE CTA	EE	1097.7	2018-05-04 13:16:10
2018-03-28 04:00:00	PT60M	10Y1001A1001A39I	CTA	EE CTA	EE	1206.5	2018-05-04 13:16:10
2018-03-28 05:00:00	PT60M	10Y1001A1001A39I	CTA	EE CTA	EE	1306.0	2018-05-04 13:16:10
2018-03-28 06:00:00	PT60M	10Y1001A1001A39I	CTA	EE CTA	EE	1315.0	2018-05-04 13:16:10
2018-03-28 07:00:00	PT60M	10Y1001A1001A39I	CTA	EE CTA	EE	1282.7	2018-05-04 13:16:10
2018-03-28 08:00:00	PT60M	10Y1001A1001A39I	CTA	EE CTA	EE	1263.5	2018-05-04 13:01:33
2018-03-28 09:00:00	PT60M	10Y1001A1001A39I	CTA	EE CTA	EE	1244.7	2018-05-04 13:01:26
2018-03-28 10:00:00	PT60M	10Y1001A1001A39I	CTA	EE CTA	EE	1266.9	2018-05-04 13:01:26
2018-03-28 11:00:00	PT60M	10Y1001A1001A39I	CTA	EE CTA	EE	1247.0	2018-05-04 13:01:26
2018-03-28 12:00:00	PT60M	10Y1001A1001A39I	CTA	EE CTA	EE	1228.4	2018-05-04 13:01:26
2018-03-28 13:00:00	PT60M	10Y1001A1001A39I	CTA	EE CTA	EE	1192.7	2018-05-04 13:01:26
2018-03-28 14:00:00	PT60M	10Y1001A1001A39I	CTA	EE CTA	EE	1170.9	2018-05-04 13:01:26
2018-03-28 15:00:00	PT60M	10Y1001A1001A39I	CTA	EE CTA	EE	1163.9	2018-05-04 13:01:26
2018-03-28 16:00:00	PT60M	10Y1001A1001A39I	CTA	EE CTA	EE	1160.5	2018-05-04 13:01:26
2018-03-28 17:00:00	PT60M	10Y1001A1001A39I	CTA	EE CTA	EE	1210.6	2018-05-04 13:01:26
2018-03-28 18:00:00	PT60M	10Y1001A1001A39I	CTA	EE CTA	EE	1199.9	2018-05-04 13:01:26
2018-03-28 19:00:00	PT60M	10Y1001A1001A39I	CTA	EE CTA	EE	1105.4	2018-05-04 13:01:26
2018-03-28 20:00:00	PT60M	10Y1001A1001A39I	CTA	EE CTA	EE	1013.4	2018-05-04 13:01:26
2018-03-28 21:00:00	PT60M	10Y1001A1001A39I	CTA	EE CTA	EE	963.9	2018-05-04 13:01:26
2018-03-28 22:00:00	PT60M	10Y1001A1001A39I	CTA	EE CTA	EE	930.8	2018-05-04 13:01:26
2018-03-28 23:00:00	PT60M	10Y1001A1001A39I	CTA	EE CTA	EE	915.8	2018-05-04 13:01:26
2018-03-29 00:00:00	PT60M	10Y1001A1001A39I	CTA	EE CTA	EE	909.4	2018-05-04 13:01:14
2018-03-29 01:00:00	PT60M	10Y1001A1001A39I	CTA	EE CTA	EE	917.8	2018-05-04 13:01:14
2018-03-29 02:00:00	PT60M	10Y1001A1001A39I	CTA	EE CTA	EE	955.9	2018-05-04 13:01:14
2018-03-29 03:00:00	PT60M	10Y1001A1001A39I	CTA	EE CTA	EE	1077.4	2018-05-04 13:01:14
2018-03-29 04:00:00	PT60M	10Y1001A1001A39I	CTA	EE CTA	EE	1191.6	2018-05-04 13:01:14
2018-03-29 05:00:00	PT60M	10Y1001A1001A39I	CTA	EE CTA	EE	1294.1	2018-05-04 13:01:14
2018-03-29 06:00:00	PT60M	10Y1001A1001A39I	CTA	EE CTA	EE	1309.1	2018-05-04 13:01:14
2018-03-29 07:00:00	PT60M	10Y1001A1001A39I	CTA	EE CTA	EE	1276.5	2018-05-04 13:01:14
2018-03-29 08:00:00	PT60M	10Y1001A1001A39I	CTA	EE CTA	EE	1248.9	2018-05-04 13:01:14
2018-03-29 09:00:00	PT60M	10Y1001A1001A39I	CTA	EE CTA	EE	1215.9	2018-05-04 13:01:14
2018-03-29 10:00:00	PT60M	10Y1001A1001A39I	CTA	EE CTA	EE	1233.5	2018-05-04 13:01:14
2018-03-29 11:00:00	PT60M	10Y1001A1001A39I	CTA	EE CTA	EE	1199.8	2018-05-04 13:01:14
2018-03-29 12:00:00	PT60M	10Y1001A1001A39I	CTA	EE CTA	EE	1179.5	2018-05-04 13:01:14
2018-03-29 13:00:00	PT60M	10Y1001A1001A39I	CTA	EE CTA	EE	1138.3	2018-05-04 13:01:14
2018-03-29 14:00:00	PT60M	10Y1001A1001A39I	CTA	EE CTA	EE	1116.6	2018-05-04 13:01:14
2018-03-29 15:00:00	PT60M	10Y1001A1001A39I	CTA	EE CTA	EE	1102.9	2018-05-04 13:01:14
2018-03-29 16:00:00	PT60M	10Y1001A1001A39I	CTA	EE CTA	EE	1103.7	2018-05-04 13:01:14
2018-03-29 17:00:00	PT60M	10Y1001A1001A39I	CTA	EE CTA	EE	1148.8	2018-05-04 13:01:14
2018-03-29 18:00:00	PT60M	10Y1001A1001A39I	CTA	EE CTA	EE	1133.3	2018-05-04 13:01:14
2018-03-29 19:00:00	PT60M	10Y1001A1001A39I	CTA	EE CTA	EE	1064.1	2018-05-04 13:01:14
2018-03-29 20:00:00	PT60M	10Y1001A1001A39I	CTA	EE CTA	EE	980.6	2018-05-04 13:01:14
2018-03-29 21:00:00	PT60M	10Y1001A1001A39I	CTA	EE CTA	EE	929.0	2018-05-04 13:01:14
2018-03-29 22:00:00	PT60M	10Y1001A1001A39I	CTA	EE CTA	EE	895.6	2018-05-04 13:01:14
2018-03-29 23:00:00	PT60M	10Y1001A1001A39I	CTA	EE CTA	EE	876.9	2018-05-04 13:01:14
2018-03-30 00:00:00	PT60M	10Y1001A1001A39I	CTA	EE CTA	EE	867.6	2018-05-04 13:01:14
2018-03-30 01:00:00	PT60M	10Y1001A1001A39I	CTA	EE CTA	EE	872.1	2018-05-04 13:01:14
2018-03-30 02:00:00	PT60M	10Y1001A1001A39I	CTA	EE CTA	EE	888.4	2018-05-04 13:01:14
2018-03-30 03:00:00	PT60M	10Y1001A1001A39I	CTA	EE CTA	EE	916.1	2018-05-04 13:01:14
2018-03-30 04:00:00	PT60M	10Y1001A1001A39I	CTA	EE CTA	EE	948.1	2018-05-04 13:01:14
2018-03-30 05:00:00	PT60M	10Y1001A1001A39I	CTA	EE CTA	EE	1014.1	2018-05-04 13:01:14
2018-03-30 06:00:00	PT60M	10Y1001A1001A39I	CTA	EE CTA	EE	1051.4	2018-05-04 13:01:14
2018-03-30 07:00:00	PT60M	10Y1001A1001A39I	CTA	EE CTA	EE	1061.5	2018-05-04 13:01:14
2018-03-30 08:00:00	PT60M	10Y1001A1001A39I	CTA	EE CTA	EE	1056.0	2018-05-04 13:01:14
2018-03-30 09:00:00	PT60M	10Y1001A1001A39I	CTA	EE CTA	EE	1036.9	2018-05-04 13:01:14
2018-03-30 10:00:00	PT60M	10Y1001A1001A39I	CTA	EE CTA	EE	1025.9	2018-05-04 13:01:14
2018-03-30 11:00:00	PT60M	10Y1001A1001A39I	CTA	EE CTA	EE	1010.0	2018-05-04 13:01:14
2018-03-30 12:00:00	PT60M	10Y1001A1001A39I	CTA	EE CTA	EE	997.1	2018-05-04 13:01:14
2018-03-30 13:00:00	PT60M	10Y1001A1001A39I	CTA	EE CTA	EE	995.4	2018-05-04 13:01:14
2018-03-30 14:00:00	PT60M	10Y1001A1001A39I	CTA	EE CTA	EE	998.2	2018-05-04 13:01:14
2018-03-30 15:00:00	PT60M	10Y1001A1001A39I	CTA	EE CTA	EE	1001.4	2018-05-04 13:01:14
2018-03-30 16:00:00	PT60M	10Y1001A1001A39I	CTA	EE CTA	EE	1005.8	2018-05-04 13:01:14
2018-03-30 17:00:00	PT60M	10Y1001A1001A39I	CTA	EE CTA	EE	1057.4	2018-05-04 13:01:14
2018-03-30 18:00:00	PT60M	10Y1001A1001A39I	CTA	EE CTA	EE	1038.5	2018-05-04 13:01:14
2018-03-30 19:00:00	PT60M	10Y1001A1001A39I	CTA	EE CTA	EE	978.5	2018-05-04 13:01:14
2018-03-30 20:00:00	PT60M	10Y1001A1001A39I	CTA	EE CTA	EE	928.3	2018-05-04 13:01:14
2018-03-30 21:00:00	PT60M	10Y1001A1001A39I	CTA	EE CTA	EE	883.3	2018-05-04 13:01:14
2018-03-30 22:00:00	PT60M	10Y1001A1001A39I	CTA	EE CTA	EE	852.6	2018-05-04 13:01:14
2018-03-30 23:00:00	PT60M	10Y1001A1001A39I	CTA	EE CTA	EE	836.0	2018-05-04 14:46:05
2018-03-31 00:00:00	PT60M	10Y1001A1001A39I	CTA	EE CTA	EE	829.5	2018-05-04 14:46:01
2018-03-31 01:00:00	PT60M	10Y1001A1001A39I	CTA	EE CTA	EE	830.8	2018-05-04 14:46:01
2018-03-31 02:00:00	PT60M	10Y1001A1001A39I	CTA	EE CTA	EE	850.0	2018-05-04 14:46:01
2018-03-31 03:00:00	PT60M	10Y1001A1001A39I	CTA	EE CTA	EE	863.2	2018-05-04 14:46:01
2018-03-31 04:00:00	PT60M	10Y1001A1001A39I	CTA	EE CTA	EE	899.4	2018-05-04 14:46:01
2018-03-31 05:00:00	PT60M	10Y1001A1001A39I	CTA	EE CTA	EE	972.1	2018-05-04 14:46:01
2018-03-31 06:00:00	PT60M	10Y1001A1001A39I	CTA	EE CTA	EE	1029.2	2018-05-04 14:46:01
2018-03-31 07:00:00	PT60M	10Y1001A1001A39I	CTA	EE CTA	EE	1046.7	2018-05-04 14:46:01
2018-03-31 08:00:00	PT60M	10Y1001A1001A39I	CTA	EE CTA	EE	1036.0	2018-05-04 14:46:01
2018-03-31 09:00:00	PT60M	10Y1001A1001A39I	CTA	EE CTA	EE	1020.2	2018-05-04 14:46:01
2018-03-31 10:00:00	PT60M	10Y1001A1001A39I	CTA	EE CTA	EE	1008.4	2018-05-04 14:46:01
2018-03-31 11:00:00	PT60M	10Y1001A1001A39I	CTA	EE CTA	EE	995.9	2018-05-04 14:46:01
2018-03-31 12:00:00	PT60M	10Y1001A1001A39I	CTA	EE CTA	EE	987.4	2018-05-04 14:46:01
2018-03-31 13:00:00	PT60M	10Y1001A1001A39I	CTA	EE CTA	EE	980.6	2018-05-04 14:46:01
2018-03-31 14:00:00	PT60M	10Y1001A1001A39I	CTA	EE CTA	EE	984.4	2018-05-04 14:46:01
2018-03-31 15:00:00	PT60M	10Y1001A1001A39I	CTA	EE CTA	EE	986.8	2018-05-04 14:46:01
2018-03-31 16:00:00	PT60M	10Y1001A1001A39I	CTA	EE CTA	EE	995.7	2018-05-04 14:46:01
2018-03-31 17:00:00	PT60M	10Y1001A1001A39I	CTA	EE CTA	EE	1027.0	2018-05-04 14:46:01
2018-03-31 18:00:00	PT60M	10Y1001A1001A39I	CTA	EE CTA	EE	1025.3	2018-05-04 14:46:01
2018-03-31 19:00:00	PT60M	10Y1001A1001A39I	CTA	EE CTA	EE	971.9	2018-05-04 14:46:01
2018-03-31 20:00:00	PT60M	10Y1001A1001A39I	CTA	EE CTA	EE	903.2	2018-05-04 14:46:01
2018-03-31 21:00:00	PT60M	10Y1001A1001A39I	CTA	EE CTA	EE	862.2	2018-05-04 14:46:01
2018-03-31 22:00:00	PT60M	10Y1001A1001A39I	CTA	EE CTA	EE	823.1	2018-05-04 14:46:01
2018-03-31 23:00:00	PT60M	10Y1001A1001A39I	CTA	EE CTA	EE	805.3	2018-05-04 14:46:01
